benchmarkId,matchup,gameIndex,pairIndex,pairSeed,algorithmA,algorithmB,firstPlayer,winner,winnerAlgorithm,winnerReason,terminationReason,plies,totalTimeMs,totalNodes,searchMoves,averageDepth,totalTtHits,draws,moveSequenceJson,moveSequenceHash,error
selfplay-20260927-080451767,RANDOM_VS_MINIMAX,0,0,25,RANDOM,MINIMAX,A,B,MINIMAX,TEMPLE_TRAP,COMPLETED,36,726.2609,850,18,1,0,0,"[{""from"":""P06"",""to"":""P07""},{""from"":""P15"",""to"":""P13""},{""from"":""P11"",""to"":""P06""},{""from"":""P20"",""to"":""P17""},{""from"":""P21"",""to"":""P24""},{""from"":""P13"",""to"":""P23""},{""from"":""P07"",""to"":""P11""},{""from"":""P05"",""to"":""P03""},{""from"":""P01"",""to"":""P02""},{""from"":""P25"",""to"":""P01""},{""from"":""P06"",""to"":""P09""},{""from"":""P10"",""to"":""P15""},{""from"":""P11"",""to"":""P06""},{""from"":""P03"",""to"":""P29""},{""from"":""P06"",""to"":""P11""},{""from"":""P02"",""to"":""P12""},{""from"":""P11"",""to"":""P03""},{""from"":""P23"",""to"":""P08""},{""from"":""P03"",""to"":""P02""},{""from"":""P08"",""to"":""P03""},{""from"":""P16"",""to"":""P06""},{""from"":""P03"",""to"":""P11""},{""from"":""P06"",""to"":""P08""},{""from"":""P01"",""to"":""P13""},{""from"":""P08"",""to"":""P03""},{""from"":""P09"",""to"":""P04""},{""from"":""P03"",""to"":""P27""},{""from"":""P02"",""to"":""P03""},{""from"":""P27"",""to"":""P28""},{""from"":""P11"",""to"":""P06""},{""from"":""P28"",""to"":""P26""},{""from"":""P03"",""to"":""P27""},{""from"":""P26"",""to"":""P03""},{""from"":""P12"",""to"":""P02""},{""from"":""P03"",""to"":""P26""},{""from"":""P02"",""to"":""P03""}]",c2f3394f5d5a10ea05b5ea2990e935234c97a748df91fce43a104b5d72acce27,
selfplay-20260927-080451767,RANDOM_VS_MINIMAX,1,0,25,MINIMAX,RANDOM,A,,,,MAX_PLIES_REACHED,60,817.0082000000001,1499,30,1,0,0,"[{""from"":""P06"",""to"":""P08""},{""from"":""P05"",""to"":""P17""},{""from"":""P21"",""to"":""P23""},{""from"":""P15"",""to"":""P19""},{""from"":""P11"",""to"":""P15""},{""from"":""P25"",""to"":""P24""},{""from"":""P19"",""to"":""P25""},{""from"":""P15"",""to"":""P13""},{""from"":""P24"",""to"":""P09""},{""from"":""P10"",""to"":""P05""},{""from"":""P08"",""to"":""P03""},{""from"":""P05"",""to"":""P15""},{""from"":""P13"",""to"":""P14""},{""from"":""P15"",""to"":""P05""},{""from"":""P09"",""to"":""P10""},{""from"":""P20"",""to"":""P15""},{""from"":""P16"",""to"":""P11""},{""from"":""P05"",""to"":""P09""},{""from"":""P01"",""to"":""P07""},{""from"":""P09"",""to"":""P04""},{""from"":""P07"",""to"":""P01""},{""from"":""P04"",""to"":""P05""},{""from"":""P01"",""to"":""P06""},{""from"":""P15"",""to"":""P20""},{""from"":""P06"",""to"":""P01""},{""from"":""P05"",""to"":""P04""},{""from"":""P11"",""to"":""P06""},{""from"":""P20"",""to"":""P18""},{""from"":""P10"",""to"":""P05""},{""from"":""P18"",""to"":""P19""},{""from"":""P23"",""to"":""P24""},{""from"":""P19"",""to"":""P07""},{""from"":""P24"",""to"":""P23""},{""from"":""P07"",""to"":""P10""},{""from"":""P06"",""to"":""P08""},{""from"":""P10"",""to"":""P15""},{""from"":""P08"",""to"":""P10""},{""from"":""P15"",""to"":""P20""},{""from"":""P01"",""to"":""P06""},{""from"":""P20"",""to"":""P19""},{""from"":""P23"",""to"":""P24""},{""from"":""P19"",""to"":""P20""},{""from"":""P24"",""to"":""P23""},{""from"":""P20"",""to"":""P18""},{""from"":""P23"",""to"":""P19""},{""from"":""P04"",""to"":""P09""},{""from"":""P05"",""to"":""P04""},{""from"":""P09"",""to"":""P05""},{""from"":""P14"",""to"":""P13""},{""from"":""P18"",""to"":""P23""},{""from"":""P17"",""to"":""P22""},{""from"":""P23"",""to"":""P11""},{""from"":""P19"",""to"":""P16""},{""from"":""P11"",""to"":""P23""},{""from"":""P16"",""to"":""P19""},{""from"":""P23"",""to"":""P18""},{""from"":""P22"",""to"":""P17""},{""from"":""P18"",""to"":""P23""},{""from"":""P17"",""to"":""P22""},{""from"":""P23"",""to"":""P17""}]",aa772b3d3494c6c2218413b8234ea154a6440d240643474e442f7995d9eac793,
selfplay-20260927-080451767,RANDOM_VS_MINIMAX,2,1,26,RANDOM,MINIMAX,A,B,MINIMAX,LONE_PIECE_IMMOBILIZED,COMPLETED,36,802.0231000000001,899,18,1,0,0,"[{""from"":""P06"",""to"":""P07""},{""from"":""P15"",""to"":""P13""},{""from"":""P11"",""to"":""P17""},{""from"":""P13"",""to"":""P12""},{""from"":""P16"",""to"":""P11""},{""from"":""P05"",""to"":""P03""},{""from"":""P21"",""to"":""P22""},{""from"":""P07"",""to"":""P06""},{""from"":""P22"",""to"":""P24""},{""from"":""P12"",""to"":""P14""},{""from"":""P24"",""to"":""P19""},{""from"":""P11"",""to"":""P21""},{""from"":""P19"",""to"":""P18""},{""from"":""P20"",""to"":""P19""},{""from"":""P18"",""to"":""P13""},{""from"":""P17"",""to"":""P12""},{""from"":""P13"",""to"":""P18""},{""from"":""P12"",""to"":""P17""},{""from"":""P18"",""to"":""P08""},{""from"":""P19"",""to"":""P18""},{""from"":""P08"",""to"":""P09""},{""from"":""P06"",""to"":""P08""},{""from"":""P09"",""to"":""P13""},{""from"":""P10"",""to"":""P05""},{""from"":""P13"",""to"":""P07""},{""from"":""P18"",""to"":""P19""},{""from"":""P07"",""to"":""P12""},{""from"":""P08"",""to"":""P07""},{""from"":""P12"",""to"":""P13""},{""from"":""P17"",""to"":""P12""},{""from"":""P13"",""to"":""P18""},{""from"":""P12"",""to"":""P17""},{""from"":""P18"",""to"":""P23""},{""from"":""P19"",""to"":""P18""},{""from"":""P23"",""to"":""P22""},{""from"":""P18"",""to"":""P23""}]",33278713bb7754c23248b0d44d06527ba32c071c384024faef9b7212cb5659b9,
selfplay-20260927-080451767,RANDOM_VS_MINIMAX,3,1,26,MINIMAX,RANDOM,A,A,MINIMAX,LONE_PIECE_IMMOBILIZED,COMPLETED,11,128.57930000000033,213,6,1,0,0,"[{""from"":""P06"",""to"":""P08""},{""from"":""P05"",""to"":""P17""},{""from"":""P21"",""to"":""P23""},{""from"":""P20"",""to"":""P18""},{""from"":""P08"",""to"":""P13""},{""from"":""P15"",""to"":""P19""},{""from"":""P13"",""to"":""P15""},{""from"":""P10"",""to"":""P09""},{""from"":""P18"",""to"":""P03""},{""from"":""P25"",""to"":""P24""},{""from"":""P15"",""to"":""P25""}]",fb8ba81275b8de6de1d233f3abb32335b84d43fc1fe20b988d73bd23af2e0c6f,
selfplay-20260927-080451767,RANDOM_VS_MINIMAX,4,2,27,RANDOM,MINIMAX,A,B,MINIMAX,LONE_PIECE_IMMOBILIZED,COMPLETED,18,227.51350000000002,383,9,1,0,0,"[{""from"":""P06"",""to"":""P07""},{""from"":""P15"",""to"":""P13""},{""from"":""P16"",""to"":""P17""},{""from"":""P13"",""to"":""P12""},{""from"":""P01"",""to"":""P06""},{""from"":""P25"",""to"":""P23""},{""from"":""P21"",""to"":""P16""},{""from"":""P05"",""to"":""P03""},{""from"":""P06"",""to"":""P01""},{""from"":""P10"",""to"":""P09""},{""from"":""P16"",""to"":""P21""},{""from"":""P09"",""to"":""P14""},{""from"":""P21"",""to"":""P22""},{""from"":""P07"",""to"":""P06""},{""from"":""P22"",""to"":""P21""},{""from"":""P11"",""to"":""P16""},{""from"":""P21"",""to"":""P22""},{""from"":""P16"",""to"":""P21""}]",22ff4edd41460dba8baf77b66272e1c8153c2d5fe3dd285274ecef8f5bafd980,
selfplay-20260927-080451767,RANDOM_VS_MINIMAX,5,2,27,MINIMAX,RANDOM,A,A,MINIMAX,LONE_PIECE_IMMOBILIZED,COMPLETED,33,817.1809999999996,877,17,1,0,0,"[{""from"":""P06"",""to"":""P08""},{""from"":""P05"",""to"":""P17""},{""from"":""P21"",""to"":""P23""},{""from"":""P25"",""to"":""P07""},{""from"":""P11"",""to"":""P13""},{""from"":""P15"",""to"":""P03""},{""from"":""P13"",""to"":""P15""},{""from"":""P03"",""to"":""P27""},{""from"":""P08"",""to"":""P03""},{""from"":""P27"",""to"":""P28""},{""from"":""P15"",""to"":""P14""},{""from"":""P28"",""to"":""P29""},{""from"":""P03"",""to"":""P27""},{""from"":""P29"",""to"":""P28""},{""from"":""P17"",""to"":""P05""},{""from"":""P28"",""to"":""P03""},{""from"":""P10"",""to"":""P08""},{""from"":""P03"",""to"":""P04""},{""from"":""P08"",""to"":""P03""},{""from"":""P04"",""to"":""P09""},{""from"":""P03"",""to"":""P26""},{""from"":""P09"",""to"":""P03""},{""from"":""P16"",""to"":""P21""},{""from"":""P03"",""to"":""P04""},{""from"":""P27"",""to"":""P03""},{""from"":""P04"",""to"":""P09""},{""from"":""P03"",""to"":""P29""},{""from"":""P09"",""to"":""P13""},{""from"":""P29"",""to"":""P08""},{""from"":""P13"",""to"":""P11""},{""from"":""P08"",""to"":""P29""},{""from"":""P11"",""to"":""P06""},{""from"":""P14"",""to"":""P11""}]",36b3c9ea4b26cc47c60e6cef3f0cc4763a603357edb83b9acbd685582896ee92,
selfplay-20260927-080451767,RANDOM_VS_MINIMAX,6,3,28,RANDOM,MINIMAX,A,B,MINIMAX,LONE_PIECE_IMMOBILIZED,COMPLETED,26,452.9501,561,13,1,0,0,"[{""from"":""P06"",""to"":""P07""},{""from"":""P15"",""to"":""P13""},{""from"":""P16"",""to"":""P19""},{""from"":""P13"",""to"":""P18""},{""from"":""P21"",""to"":""P24""},{""from"":""P18"",""to"":""P23""},{""from"":""P11"",""to"":""P12""},{""from"":""P23"",""to"":""P11""},{""from"":""P01"",""to"":""P02""},{""from"":""P05"",""to"":""P03""},{""from"":""P12"",""to"":""P15""},{""from"":""P07"",""to"":""P01""},{""from"":""P15"",""to"":""P12""},{""from"":""P11"",""to"":""P17""},{""from"":""P12"",""to"":""P11""},{""from"":""P19"",""to"":""P14""},{""from"":""P11"",""to"":""P16""},{""from"":""P24"",""to"":""P23""},{""from"":""P16"",""to"":""P06""},{""from"":""P02"",""to"":""P07""},{""from"":""P06"",""to"":""P16""},{""from"":""P07"",""to"":""P11""},{""from"":""P16"",""to"":""P21""},{""from"":""P11"",""to"":""P16""},{""from"":""P21"",""to"":""P22""},{""from"":""P16"",""to"":""P21""}]",6332c6c5c35f7c40fefefb54422602b93ffc906d0e36cd80e97522516dab2d6e,
selfplay-20260927-080451767,RANDOM_VS_MINIMAX,7,3,28,MINIMAX,RANDOM,A,A,MINIMAX,LONE_PIECE_IMMOBILIZED,COMPLETED,43,899.8168000000005,1043,22,1,0,0,"[{""from"":""P06"",""to"":""P08""},{""from"":""P05"",""to"":""P17""},{""from"":""P21"",""to"":""P23""},{""from"":""P25"",""to"":""P13""},{""from"":""P23"",""to"":""P18""},{""from"":""P20"",""to"":""P25""},{""from"":""P17"",""to"":""P22""},{""from"":""P25"",""to"":""P19""},{""from"":""P22"",""to"":""P25""},{""from"":""P10"",""to"":""P05""},{""from"":""P01"",""to"":""P02""},{""from"":""P15"",""to"":""P09""},{""from"":""P25"",""to"":""P10""},{""from"":""P05"",""to"":""P03""},{""from"":""P13"",""to"":""P21""},{""from"":""P03"",""to"":""P07""},{""from"":""P08"",""to"":""P29""},{""from"":""P07"",""to"":""P17""},{""from"":""P10"",""to"":""P25""},{""from"":""P17"",""to"":""P07""},{""from"":""P11"",""to"":""P12""},{""from"":""P07"",""to"":""P08""},{""from"":""P02"",""to"":""P03""},{""from"":""P08"",""to"":""P13""},{""from"":""P09"",""to"":""P07""},{""from"":""P13"",""to"":""P17""},{""from"":""P07"",""to"":""P09""},{""from"":""P17"",""to"":""P22""},{""from"":""P18"",""to"":""P23""},{""from"":""P22"",""to"":""P17""},{""from"":""P16"",""to"":""P01""},{""from"":""P17"",""to"":""P16""},{""from"":""P23"",""to"":""P11""},{""from"":""P16"",""to"":""P18""},{""from"":""P11"",""to"":""P17""},{""from"":""P18"",""to"":""P23""},{""from"":""P17"",""to"":""P18""},{""from"":""P23"",""to"":""P22""},{""from"":""P19"",""to"":""P23""},{""from"":""P22"",""to"":""P17""},{""from"":""P03"",""to"":""P05""},{""from"":""P17"",""to"":""P22""},{""from"":""P09"",""to"":""P17""}]",c39812c686f164e5bc189727139157ac798fa26eb6c8dfef56007defbf414079,
selfplay-20260927-080451767,RANDOM_VS_MINIMAX,8,4,29,RANDOM,MINIMAX,A,B,MINIMAX,LONE_PIECE_IMMOBILIZED,COMPLETED,20,357.90059999999994,436,10,1,0,0,"[{""from"":""P06"",""to"":""P07""},{""from"":""P15"",""to"":""P13""},{""from"":""P21"",""to"":""P22""},{""from"":""P10"",""to"":""P09""},{""from"":""P16"",""to"":""P18""},{""from"":""P25"",""to"":""P23""},{""from"":""P11"",""to"":""P17""},{""from"":""P13"",""to"":""P11""},{""from"":""P07"",""to"":""P13""},{""from"":""P11"",""to"":""P07""},{""from"":""P22"",""to"":""P21""},{""from"":""P17"",""to"":""P16""},{""from"":""P21"",""to"":""P22""},{""from"":""P13"",""to"":""P29""},{""from"":""P22"",""to"":""P12""},{""from"":""P18"",""to"":""P13""},{""from"":""P12"",""to"":""P11""},{""from"":""P13"",""to"":""P12""},{""from"":""P11"",""to"":""P06""},{""from"":""P12"",""to"":""P11""}]",c4a44ddb20be77499130444301eeeec7d6b70eed5f0976bc1adc737ade1c45fc,
selfplay-20260927-080451767,RANDOM_VS_MINIMAX,9,4,29,MINIMAX,RANDOM,A,A,MINIMAX,LONE_PIECE_IMMOBILIZED,COMPLETED,15,202.33230000000003,308,8,1,0,0,"[{""from"":""P06"",""to"":""P08""},{""from"":""P05"",""to"":""P17""},{""from"":""P21"",""to"":""P23""},{""from"":""P25"",""to"":""P19""},{""from"":""P23"",""to"":""P25""},{""from"":""P19"",""to"":""P13""},{""from"":""P08"",""to"":""P09""},{""from"":""P20"",""to"":""P18""},{""from"":""P17"",""to"":""P23""},{""from"":""P15"",""to"":""P19""},{""from"":""P13"",""to"":""P15""},{""from"":""P10"",""to"":""P05""},{""from"":""P18"",""to"":""P29""},{""from"":""P05"",""to"":""P10""},{""from"":""P01"",""to"":""P05""}]",27eeedd5952177acb8a2a7c04631ea19885858a4904755202ec520a6e7009a9a,
selfplay-20260927-080451767,RANDOM_VS_MINIMAX,10,5,30,RANDOM,MINIMAX,A,B,MINIMAX,LONE_PIECE_IMMOBILIZED,COMPLETED,14,181.20100000000002,263,7,1,0,0,"[{""from"":""P06"",""to"":""P07""},{""from"":""P15"",""to"":""P13""},{""from"":""P21"",""to"":""P24""},{""from"":""P13"",""to"":""P23""},{""from"":""P07"",""to"":""P09""},{""from"":""P23"",""to"":""P13""},{""from"":""P16"",""to"":""P17""},{""from"":""P09"",""to"":""P06""},{""from"":""P17"",""to"":""P16""},{""from"":""P20"",""to"":""P17""},{""from"":""P16"",""to"":""P21""},{""from"":""P13"",""to"":""P27""},{""from"":""P21"",""to"":""P16""},{""from"":""P24"",""to"":""P21""}]",fb31e5d85dc10cc01369a1b6ca1826137442fb51adcfdd901107bb92aa6cdb23,
selfplay-20260927-080451767,RANDOM_VS_MINIMAX,11,5,30,MINIMAX,RANDOM,A,,,,MAX_PLIES_REACHED,60,605.8181000000004,1226,30,1,0,0,"[{""from"":""P06"",""to"":""P08""},{""from"":""P05"",""to"":""P17""},{""from"":""P21"",""to"":""P23""},{""from"":""P25"",""to"":""P24""},{""from"":""P01"",""to"":""P25""},{""from"":""P15"",""to"":""P09""},{""from"":""P23"",""to"":""P15""},{""from"":""P20"",""to"":""P18""},{""from"":""P11"",""to"":""P03""},{""from"":""P18"",""to"":""P13""},{""from"":""P25"",""to"":""P19""},{""from"":""P09"",""to"":""P05""},{""from"":""P03"",""to"":""P07""},{""from"":""P05"",""to"":""P04""},{""from"":""P08"",""to"":""P09""},{""from"":""P04"",""to"":""P02""},{""from"":""P07"",""to"":""P03""},{""from"":""P17"",""to"":""P21""},{""from"":""P19"",""to"":""P17""},{""from"":""P02"",""to"":""P07""},{""from"":""P16"",""to"":""P11""},{""from"":""P07"",""to"":""P08""},{""from"":""P11"",""to"":""P06""},{""from"":""P10"",""to"":""P05""},{""from"":""P24"",""to"":""P22""},{""from"":""P21"",""to"":""P16""},{""from"":""P22"",""to"":""P24""},{""from"":""P08"",""to"":""P07""},{""from"":""P13"",""to"":""P11""},{""from"":""P07"",""to"":""P25""},{""from"":""P06"",""to"":""P07""},{""from"":""P16"",""to"":""P21""},{""from"":""P15"",""to"":""P23""},{""from"":""P05"",""to"":""P20""},{""from"":""P09"",""to"":""P05""},{""from"":""P25"",""to"":""P13""},{""from"":""P23"",""to"":""P22""},{""from"":""P13"",""to"":""P18""},{""from"":""P22"",""to"":""P23""},{""from"":""P18"",""to"":""P19""},{""from"":""P03"",""to"":""P15""},{""from"":""P19"",""to"":""P13""},{""from"":""P23"",""to"":""P22""},{""from"":""P13"",""to"":""P19""},{""from"":""P17"",""to"":""P18""},{""from"":""P19"",""to"":""P25""},{""from"":""P05"",""to"":""P04""},{""from"":""P21"",""to"":""P13""},{""from"":""P07"",""to"":""P08""},{""from"":""P13"",""to"":""P14""},{""from"":""P08"",""to"":""P13""},{""from"":""P20"",""to"":""P19""},{""from"":""P04"",""to"":""P02""},{""from"":""P25"",""to"":""P20""},{""from"":""P24"",""to"":""P25""},{""from"":""P19"",""to"":""P23""},{""from"":""P25"",""to"":""P24""},{""from"":""P23"",""to"":""P17""},{""from"":""P24"",""to"":""P19""},{""from"":""P17"",""to"":""P21""}]",1d0cc94b801b4d985f685944c30555c2d8ec1357301b35c4a0e86695f290ca84,
selfplay-20260927-080451767,RANDOM_VS_MINIMAX,12,6,31,RANDOM,MINIMAX,A,B,MINIMAX,LONE_PIECE_IMMOBILIZED,COMPLETED,32,525.0586000000003,753,16,1,0,0,"[{""from"":""P06"",""to"":""P07""},{""from"":""P15"",""to"":""P13""},{""from"":""P01"",""to"":""P04""},{""from"":""P13"",""to"":""P03""},{""from"":""P07"",""to"":""P02""},{""from"":""P04"",""to"":""P14""},{""from"":""P21"",""to"":""P17""},{""from"":""P25"",""to"":""P01""},{""from"":""P02"",""to"":""P07""},{""from"":""P14"",""to"":""P12""},{""from"":""P16"",""to"":""P21""},{""from"":""P03"",""to"":""P23""},{""from"":""P21"",""to"":""P16""},{""from"":""P10"",""to"":""P09""},{""from"":""P11"",""to"":""P06""},{""from"":""P12"",""to"":""P11""},{""from"":""P16"",""to"":""P21""},{""from"":""P11"",""to"":""P14""},{""from"":""P06"",""to"":""P16""},{""from"":""P09"",""to"":""P03""},{""from"":""P21"",""to"":""P22""},{""from"":""P17"",""to"":""P21""},{""from"":""P16"",""to"":""P19""},{""from"":""P03"",""to"":""P29""},{""from"":""P19"",""to"":""P25""},{""from"":""P21"",""to"":""P16""},{""from"":""P25"",""to"":""P19""},{""from"":""P20"",""to"":""P25""},{""from"":""P19"",""to"":""P13""},{""from"":""P01"",""to"":""P03""},{""from"":""P13"",""to"":""P21""},{""from"":""P05"",""to"":""P17""}]",dc5f60b56bcdcb3f5e0f1f1c4b84d0344663a755868c2f7af36008b77e89fdf8,
selfplay-20260927-080451767,RANDOM_VS_MINIMAX,13,6,31,MINIMAX,RANDOM,A,,,,MAX_PLIES_REACHED,60,629.5965999999999,1244,30,1,0,0,"[{""from"":""P06"",""to"":""P08""},{""from"":""P05"",""to"":""P17""},{""from"":""P21"",""to"":""P23""},{""from"":""P10"",""to"":""P09""},{""from"":""P01"",""to"":""P05""},{""from"":""P09"",""to"":""P03""},{""from"":""P08"",""to"":""P09""},{""from"":""P25"",""to"":""P19""},{""from"":""P11"",""to"":""P13""},{""from"":""P15"",""to"":""P10""},{""from"":""P03"",""to"":""P26""},{""from"":""P23"",""to"":""P22""},{""from"":""P16"",""to"":""P21""},{""from"":""P20"",""to"":""P25""},{""from"":""P05"",""to"":""P01""},{""from"":""P10"",""to"":""P05""},{""from"":""P13"",""to"":""P15""},{""from"":""P19"",""to"":""P07""},{""from"":""P26"",""to"":""P03""},{""from"":""P07"",""to"":""P11""},{""from"":""P17"",""to"":""P12""},{""from"":""P25"",""to"":""P20""},{""from"":""P15"",""to"":""P23""},{""from"":""P20"",""to"":""P25""},{""from"":""P12"",""to"":""P13""},{""from"":""P25"",""to"":""P20""},{""from"":""P23"",""to"":""P19""},{""from"":""P11"",""to"":""P07""},{""from"":""P13"",""to"":""P12""},{""from"":""P05"",""to"":""P04""},{""from"":""P22"",""to"":""P23""},{""from"":""P20"",""to"":""P25""},{""from"":""P19"",""to"":""P20""},{""from"":""P07"",""to"":""P11""},{""from"":""P01"",""to"":""P19""},{""from"":""P11"",""to"":""P17""},{""from"":""P21"",""to"":""P01""},{""from"":""P17"",""to"":""P21""},{""from"":""P19"",""to"":""P16""},{""from"":""P21"",""to"":""P13""},{""from"":""P09"",""to"":""P14""},{""from"":""P25"",""to"":""P24""},{""from"":""P01"",""to"":""P07""},{""from"":""P24"",""to"":""P25""},{""from"":""P16"",""to"":""P21""},{""from"":""P04"",""to"":""P09""},{""from"":""P20"",""to"":""P15""},{""from"":""P13"",""to"":""P17""},{""from"":""P14"",""to"":""P19""},{""from"":""P17"",""to"":""P16""},{""from"":""P07"",""to"":""P01""},{""from"":""P25"",""to"":""P24""},{""from"":""P03"",""to"":""P04""},{""from"":""P09"",""to"":""P14""},{""from"":""P01"",""to"":""P06""},{""from"":""P16"",""to"":""P11""},{""from"":""P04"",""to"":""P05""},{""from"":""P14"",""to"":""P04""},{""from"":""P15"",""to"":""P09""},{""from"":""P04"",""to"":""P03""}]",a320fe376099bc708e1fe0ae65465465be31a1874d18f4de7d961803fa52a507,
selfplay-20260927-080451767,RANDOM_VS_MINIMAX,14,7,32,RANDOM,MINIMAX,A,,,,MAX_PLIES_REACHED,60,1417.321,1629,30,1,0,0,"[{""from"":""P06"",""to"":""P07""},{""from"":""P15"",""to"":""P13""},{""from"":""P07"",""to"":""P02""},{""from"":""P05"",""to"":""P03""},{""from"":""P16"",""to"":""P19""},{""from"":""P13"",""to"":""P18""},{""from"":""P21"",""to"":""P17""},{""from"":""P10"",""to"":""P06""},{""from"":""P17"",""to"":""P16""},{""from"":""P20"",""to"":""P05""},{""from"":""P02"",""to"":""P22""},{""from"":""P18"",""to"":""P17""},{""from"":""P16"",""to"":""P21""},{""from"":""P03"",""to"":""P27""},{""from"":""P22"",""to"":""P24""},{""from"":""P06"",""to"":""P08""},{""from"":""P24"",""to"":""P22""},{""from"":""P27"",""to"":""P26""},{""from"":""P22"",""to"":""P23""},{""from"":""P19"",""to"":""P14""},{""from"":""P23"",""to"":""P13""},{""from"":""P17"",""to"":""P18""},{""from"":""P21"",""to"":""P23""},{""from"":""P13"",""to"":""P17""},{""from"":""P23"",""to"":""P24""},{""from"":""P18"",""to"":""P23""},{""from"":""P24"",""to"":""P19""},{""from"":""P23"",""to"":""P21""},{""from"":""P19"",""to"":""P15""},{""from"":""P11"",""to"":""P03""},{""from"":""P15"",""to"":""P19""},{""from"":""P03"",""to"":""P28""},{""from"":""P19"",""to"":""P20""},{""from"":""P05"",""to"":""P15""},{""from"":""P20"",""to"":""P19""},{""from"":""P15"",""to"":""P05""},{""from"":""P19"",""to"":""P24""},{""from"":""P21"",""to"":""P23""},{""from"":""P24"",""to"":""P19""},{""from"":""P23"",""to"":""P21""},{""from"":""P19"",""to"":""P20""},{""from"":""P05"",""to"":""P15""},{""from"":""P20"",""to"":""P19""},{""from"":""P15"",""to"":""P05""},{""from"":""P19"",""to"":""P23""},{""from"":""P21"",""to"":""P22""},{""from"":""P23"",""to"":""P18""},{""from"":""P22"",""to"":""P21""},{""from"":""P18"",""to"":""P23""},{""from"":""P21"",""to"":""P22""},{""from"":""P23"",""to"":""P18""},{""from"":""P22"",""to"":""P21""},{""from"":""P18"",""to"":""P13""},{""from"":""P21"",""to"":""P11""},{""from"":""P13"",""to"":""P07""},{""from"":""P11"",""to"":""P21""},{""from"":""P07"",""to"":""P06""},{""from"":""P21"",""to"":""P11""},{""from"":""P06"",""to"":""P07""},{""from"":""P11"",""to"":""P21""}]",76c15866bb5341b12530de670a51912a4d1ec497d9e67c522db436432e008c5b,
selfplay-20260927-080451767,RANDOM_VS_MINIMAX,15,7,32,MINIMAX,RANDOM,A,A,MINIMAX,LONE_PIECE_IMMOBILIZED,COMPLETED,13,195.27459999999883,280,7,1,0,0,"[{""from"":""P06"",""to"":""P08""},{""from"":""P05"",""to"":""P17""},{""from"":""P21"",""to"":""P23""},{""from"":""P15"",""to"":""P03""},{""from"":""P01"",""to"":""P19""},{""from"":""P10"",""to"":""P05""},{""from"":""P19"",""to"":""P04""},{""from"":""P25"",""to"":""P19""},{""from"":""P03"",""to"":""P15""},{""from"":""P20"",""to"":""P25""},{""from"":""P04"",""to"":""P01""},{""from"":""P25"",""to"":""P24""},{""from"":""P15"",""to"":""P25""}]",b27415ae2366050c14fe5d1f475693c4b77cb1de5b12f423798afb8b797c783e,
selfplay-20260927-080451767,RANDOM_VS_MINIMAX,16,8,33,RANDOM,MINIMAX,A,B,MINIMAX,LONE_PIECE_IMMOBILIZED,COMPLETED,18,210.30099999999948,348,9,1,0,0,"[{""from"":""P06"",""to"":""P07""},{""from"":""P15"",""to"":""P13""},{""from"":""P07"",""to"":""P06""},{""from"":""P10"",""to"":""P09""},{""from"":""P11"",""to"":""P07""},{""from"":""P13"",""to"":""P11""},{""from"":""P21"",""to"":""P22""},{""from"":""P05"",""to"":""P03""},{""from"":""P16"",""to"":""P19""},{""from"":""P03"",""to"":""P18""},{""from"":""P01"",""to"":""P04""},{""from"":""P07"",""to"":""P01""},{""from"":""P22"",""to"":""P12""},{""from"":""P18"",""to"":""P13""},{""from"":""P04"",""to"":""P05""},{""from"":""P13"",""to"":""P03""},{""from"":""P05"",""to"":""P04""},{""from"":""P20"",""to"":""P05""}]",edf6e9fa1a44235f0eeaff039b0a302ca40a2a8f3e0e21d35bb0fe3a846d28ac,
selfplay-20260927-080451767,RANDOM_VS_MINIMAX,17,8,33,MINIMAX,RANDOM,A,,,,MAX_PLIES_REACHED,60,636.3468000000012,1272,30,1,0,0,"[{""from"":""P06"",""to"":""P08""},{""from"":""P05"",""to"":""P17""},{""from"":""P21"",""to"":""P23""},{""from"":""P15"",""to"":""P09""},{""from"":""P11"",""to"":""P03""},{""from"":""P09"",""to"":""P24""},{""from"":""P01"",""to"":""P19""},{""from"":""P20"",""to"":""P15""},{""from"":""P19"",""to"":""P13""},{""from"":""P15"",""to"":""P19""},{""from"":""P03"",""to"":""P15""},{""from"":""P10"",""to"":""P05""},{""from"":""P13"",""to"":""P01""},{""from"":""P05"",""to"":""P09""},{""from"":""P08"",""to"":""P03""},{""from"":""P25"",""to"":""P20""},{""from"":""P17"",""to"":""P22""},{""from"":""P20"",""to"":""P25""},{""from"":""P03"",""to"":""P29""},{""from"":""P25"",""to"":""P20""},{""from"":""P19"",""to"":""P25""},{""from"":""P24"",""to"":""P19""},{""from"":""P16"",""to"":""P18""},{""from"":""P15"",""to"":""P13""},{""from"":""P25"",""to"":""P24""},{""from"":""P19"",""to"":""P25""},{""from"":""P18"",""to"":""P19""},{""from"":""P13"",""to"":""P12""},{""from"":""P09"",""to"":""P13""},{""from"":""P12"",""to"":""P17""},{""from"":""P01"",""to"":""P07""},{""from"":""P23"",""to"":""P18""},{""from"":""P19"",""to"":""P04""},{""from"":""P18"",""to"":""P23""},{""from"":""P24"",""to"":""P19""},{""from"":""P23"",""to"":""P24""},{""from"":""P22"",""to"":""P21""},{""from"":""P17"",""to"":""P12""},{""from"":""P04"",""to"":""P05""},{""from"":""P24"",""to"":""P23""},{""from"":""P19"",""to"":""P24""},{""from"":""P23"",""to"":""P11""},{""from"":""P21"",""to"":""P17""},{""from"":""P11"",""to"":""P01""},{""from"":""P05"",""to"":""P03""},{""from"":""P01"",""to"":""P16""},{""from"":""P07"",""to"":""P06""},{""from"":""P16"",""to"":""P11""},{""from"":""P20"",""to"":""P15""},{""from"":""P25"",""to"":""P20""},{""from"":""P13"",""to"":""P07""},{""from"":""P20"",""to"":""P19""},{""from"":""P03"",""to"":""P23""},{""from"":""P19"",""to"":""P18""},{""from"":""P07"",""to"":""P19""},{""from"":""P18"",""to"":""P27""},{""from"":""P23"",""to"":""P03""},{""from"":""P11"",""to"":""P16""},{""from"":""P19"",""to"":""P07""},{""from"":""P16"",""to"":""P11""}]",1e6f3d32f68b390e521c3128afa8ada6b1a789307dc2ed3a07c7829374a92222,
selfplay-20260927-080451767,RANDOM_VS_MINIMAX,18,9,34,RANDOM,MINIMAX,A,B,MINIMAX,LONE_PIECE_IMMOBILIZED,COMPLETED,12,172.58129999999983,223,6,1,0,0,"[{""from"":""P06"",""to"":""P07""},{""from"":""P15"",""to"":""P13""},{""from"":""P07"",""to"":""P09""},{""from"":""P13"",""to"":""P08""},{""from"":""P01"",""to"":""P04""},{""from"":""P08"",""to"":""P03""},{""from"":""P21"",""to"":""P23""},{""from"":""P09"",""to"":""P17""},{""from"":""P16"",""to"":""P21""},{""from"":""P04"",""to"":""P14""},{""from"":""P21"",""to"":""P16""},{""from"":""P23"",""to"":""P21""}]",1dcadf17da89a42b915cd4ca3674ff679230451a6d764771b88d9d2ad822a1f6,
selfplay-20260927-080451767,RANDOM_VS_MINIMAX,19,9,34,MINIMAX,RANDOM,A,A,MINIMAX,LONE_PIECE_IMMOBILIZED,COMPLETED,17,210.64309999999932,333,9,1,0,0,"[{""from"":""P06"",""to"":""P08""},{""from"":""P05"",""to"":""P17""},{""from"":""P21"",""to"":""P23""},{""from"":""P15"",""to"":""P13""},{""from"":""P23"",""to"":""P18""},{""from"":""P10"",""to"":""P05""},{""from"":""P17"",""to"":""P22""},{""from"":""P25"",""to"":""P24""},{""from"":""P22"",""to"":""P23""},{""from"":""P05"",""to"":""P02""},{""from"":""P11"",""to"":""P03""},{""from"":""P20"",""to"":""P05""},{""from"":""P13"",""to"":""P25""},{""from"":""P05"",""to"":""P21""},{""from"":""P18"",""to"":""P17""},{""from"":""P21"",""to"":""P22""},{""from"":""P16"",""to"":""P21""}]",f7536758ade72a1ce1fddce9ff5d31428deb3e7bb924ddd7aeabc6abb1ff5549,
selfplay-20260927-080451767,RANDOM_VS_MINIMAX,20,10,35,RANDOM,MINIMAX,A,B,MINIMAX,LONE_PIECE_IMMOBILIZED,COMPLETED,14,193.27910000000156,290,7,1,0,0,"[{""from"":""P06"",""to"":""P07""},{""from"":""P15"",""to"":""P13""},{""from"":""P07"",""to"":""P17""},{""from"":""P05"",""to"":""P03""},{""from"":""P17"",""to"":""P23""},{""from"":""P20"",""to"":""P17""},{""from"":""P21"",""to"":""P22""},{""from"":""P11"",""to"":""P07""},{""from"":""P16"",""to"":""P11""},{""from"":""P07"",""to"":""P06""},{""from"":""P22"",""to"":""P21""},{""from"":""P13"",""to"":""P14""},{""from"":""P21"",""to"":""P16""},{""from"":""P23"",""to"":""P21""}]",c6088b7e9c4b93c067aa090769d06d3e1db99b27f17a8f4f657c076eef7da70e,
selfplay-20260927-080451767,RANDOM_VS_MINIMAX,21,10,35,MINIMAX,RANDOM,A,,,,MAX_PLIES_REACHED,60,642.8888999999999,1312,30,1,0,0,"[{""from"":""P06"",""to"":""P08""},{""from"":""P05"",""to"":""P17""},{""from"":""P21"",""to"":""P23""},{""from"":""P15"",""to"":""P14""},{""from"":""P11"",""to"":""P13""},{""from"":""P20"",""to"":""P19""},{""from"":""P01"",""to"":""P03""},{""from"":""P25"",""to"":""P24""},{""from"":""P03"",""to"":""P15""},{""from"":""P24"",""to"":""P25""},{""from"":""P15"",""to"":""P03""},{""from"":""P25"",""to"":""P20""},{""from"":""P13"",""to"":""P01""},{""from"":""P10"",""to"":""P15""},{""from"":""P08"",""to"":""P10""},{""from"":""P20"",""to"":""P25""},{""from"":""P16"",""to"":""P06""},{""from"":""P15"",""to"":""P20""},{""from"":""P01"",""to"":""P02""},{""from"":""P25"",""to"":""P24""},{""from"":""P19"",""to"":""P25""},{""from"":""P20"",""to"":""P19""},{""from"":""P17"",""to"":""P13""},{""from"":""P19"",""to"":""P17""},{""from"":""P13"",""to"":""P12""},{""from"":""P17"",""to"":""P20""},{""from"":""P25"",""to"":""P19""},{""from"":""P14"",""to"":""P09""},{""from"":""P12"",""to"":""P14""},{""from"":""P24"",""to"":""P25""},{""from"":""P14"",""to"":""P13""},{""from"":""P20"",""to"":""P15""},{""from"":""P03"",""to"":""P26""},{""from"":""P09"",""to"":""P03""},{""from"":""P26"",""to"":""P27""},{""from"":""P15"",""to"":""P20""},{""from"":""P06"",""to"":""P11""},{""from"":""P20"",""to"":""P15""},{""from"":""P23"",""to"":""P24""},{""from"":""P15"",""to"":""P09""},{""from"":""P10"",""to"":""P05""},{""from"":""P09"",""to"":""P14""},{""from"":""P05"",""to"":""P10""},{""from"":""P03"",""to"":""P08""},{""from"":""P10"",""to"":""P15""},{""from"":""P14"",""to"":""P09""},{""from"":""P19"",""to"":""P20""},{""from"":""P09"",""to"":""P14""},{""from"":""P20"",""to"":""P16""},{""from"":""P08"",""to"":""P06""},{""from"":""P11"",""to"":""P07""},{""from"":""P25"",""to"":""P19""},{""from"":""P02"",""to"":""P04""},{""from"":""P19"",""to"":""P25""},{""from"":""P27"",""to"":""P26""},{""from"":""P14"",""to"":""P09""},{""from"":""P15"",""to"":""P10""},{""from"":""P25"",""to"":""P15""},{""from"":""P04"",""to"":""P05""},{""from"":""P15"",""to"":""P19""}]",ab2d717f93984349f1567b59909707da1f10d14de8a88e39bfc40a3d627d451a,
selfplay-20260927-080451767,RANDOM_VS_MINIMAX,22,11,36,RANDOM,MINIMAX,A,B,MINIMAX,LONE_PIECE_IMMOBILIZED,COMPLETED,48,899.5362999999998,1185,24,1,0,0,"[{""from"":""P06"",""to"":""P07""},{""from"":""P15"",""to"":""P13""},{""from"":""P11"",""to"":""P06""},{""from"":""P20"",""to"":""P17""},{""from"":""P07"",""to"":""P08""},{""from"":""P05"",""to"":""P03""},{""from"":""P01"",""to"":""P02""},{""from"":""P13"",""to"":""P01""},{""from"":""P16"",""to"":""P11""},{""from"":""P17"",""to"":""P13""},{""from"":""P11"",""to"":""P23""},{""from"":""P02"",""to"":""P22""},{""from"":""P23"",""to"":""P19""},{""from"":""P01"",""to"":""P02""},{""from"":""P21"",""to"":""P11""},{""from"":""P03"",""to"":""P26""},{""from"":""P11"",""to"":""P21""},{""from"":""P08"",""to"":""P07""},{""from"":""P21"",""to"":""P11""},{""from"":""P02"",""to"":""P03""},{""from"":""P06"",""to"":""P01""},{""from"":""P07"",""to"":""P06""},{""from"":""P11"",""to"":""P12""},{""from"":""P03"",""to"":""P11""},{""from"":""P01"",""to"":""P05""},{""from"":""P12"",""to"":""P02""},{""from"":""P05"",""to"":""P03""},{""from"":""P26"",""to"":""P27""},{""from"":""P03"",""to"":""P05""},{""from"":""P02"",""to"":""P04""},{""from"":""P05"",""to"":""P09""},{""from"":""P06"",""to"":""P08""},{""from"":""P09"",""to"":""P03""},{""from"":""P13"",""to"":""P09""},{""from"":""P03"",""to"":""P28""},{""from"":""P08"",""to"":""P18""},{""from"":""P28"",""to"":""P03""},{""from"":""P19"",""to"":""P01""},{""from"":""P03"",""to"":""P13""},{""from"":""P10"",""to"":""P15""},{""from"":""P13"",""to"":""P12""},{""from"":""P04"",""to"":""P02""},{""from"":""P12"",""to"":""P17""},{""from"":""P02"",""to"":""P12""},{""from"":""P17"",""to"":""P21""},{""from"":""P12"",""to"":""P17""},{""from"":""P21"",""to"":""P16""},{""from"":""P22"",""to"":""P21""}]",a9f7ab8c247af07fd3f1e1da7b792395faf186e827624afcf85bd3db207f2055,
selfplay-20260927-080451767,RANDOM_VS_MINIMAX,23,11,36,MINIMAX,RANDOM,A,,,,MAX_PLIES_REACHED,60,737.1641,1391,30,1,0,0,"[{""from"":""P06"",""to"":""P08""},{""from"":""P05"",""to"":""P17""},{""from"":""P21"",""to"":""P23""},{""from"":""P15"",""to"":""P19""},{""from"":""P11"",""to"":""P15""},{""from"":""P10"",""to"":""P09""},{""from"":""P08"",""to"":""P03""},{""from"":""P25"",""to"":""P24""},{""from"":""P17"",""to"":""P22""},{""from"":""P20"",""to"":""P25""},{""from"":""P03"",""to"":""P29""},{""from"":""P25"",""to"":""P20""},{""from"":""P19"",""to"":""P25""},{""from"":""P24"",""to"":""P19""},{""from"":""P16"",""to"":""P18""},{""from"":""P19"",""to"":""P14""},{""from"":""P20"",""to"":""P19""},{""from"":""P23"",""to"":""P17""},{""from"":""P18"",""to"":""P23""},{""from"":""P17"",""to"":""P12""},{""from"":""P22"",""to"":""P21""},{""from"":""P12"",""to"":""P07""},{""from"":""P01"",""to"":""P03""},{""from"":""P07"",""to"":""P12""},{""from"":""P03"",""to"":""P01""},{""from"":""P15"",""to"":""P05""},{""from"":""P23"",""to"":""P03""},{""from"":""P05"",""to"":""P10""},{""from"":""P03"",""to"":""P07""},{""from"":""P10"",""to"":""P20""},{""from"":""P01"",""to"":""P05""},{""from"":""P12"",""to"":""P17""},{""from"":""P19"",""to"":""P23""},{""from"":""P14"",""to"":""P15""},{""from"":""P07"",""to"":""P12""},{""from"":""P20"",""to"":""P18""},{""from"":""P05"",""to"":""P03""},{""from"":""P15"",""to"":""P10""},{""from"":""P21"",""to"":""P06""},{""from"":""P17"",""to"":""P21""},{""from"":""P29"",""to"":""P26""},{""from"":""P18"",""to"":""P16""},{""from"":""P12"",""to"":""P17""},{""from"":""P21"",""to"":""P22""},{""from"":""P06"",""to"":""P11""},{""from"":""P10"",""to"":""P20""},{""from"":""P25"",""to"":""P19""},{""from"":""P20"",""to"":""P25""},{""from"":""P23"",""to"":""P18""},{""from"":""P22"",""to"":""P23""},{""from"":""P09"",""to"":""P15""},{""from"":""P23"",""to"":""P21""},{""from"":""P18"",""to"":""P23""},{""from"":""P25"",""to"":""P20""},{""from"":""P11"",""to"":""P06""},{""from"":""P16"",""to"":""P11""},{""from"":""P15"",""to"":""P12""},{""from"":""P20"",""to"":""P15""},{""from"":""P19"",""to"":""P14""},{""from"":""P15"",""to"":""P09""}]",5418f6e84e3870a3e1b8c239494f96e5cdf06a6bff94b5dd8bd712109bfbdfe4,
selfplay-20260927-080451767,RANDOM_VS_MINIMAX,24,12,37,RANDOM,MINIMAX,A,B,MINIMAX,LONE_PIECE_IMMOBILIZED,COMPLETED,22,263.4490000000005,479,11,1,0,0,"[{""from"":""P06"",""to"":""P07""},{""from"":""P15"",""to"":""P13""},{""from"":""P11"",""to"":""P17""},{""from"":""P13"",""to"":""P12""},{""from"":""P01"",""to"":""P03""},{""from"":""P07"",""to"":""P02""},{""from"":""P03"",""to"":""P04""},{""from"":""P02"",""to"":""P03""},{""from"":""P16"",""to"":""P01""},{""from"":""P10"",""to"":""P07""},{""from"":""P01"",""to"":""P11""},{""from"":""P25"",""to"":""P23""},{""from"":""P11"",""to"":""P06""},{""from"":""P03"",""to"":""P29""},{""from"":""P21"",""to"":""P11""},{""from"":""P17"",""to"":""P16""},{""from"":""P06"",""to"":""P01""},{""from"":""P04"",""to"":""P02""},{""from"":""P11"",""to"":""P17""},{""from"":""P12"",""to"":""P11""},{""from"":""P01"",""to"":""P06""},{""from"":""P02"",""to"":""P01""}]",ef746995dce35fd79c6be4d26013501522cae6c1d1c12148e7bd70215834c9c8,
selfplay-20260927-080451767,RANDOM_VS_MINIMAX,25,12,37,MINIMAX,RANDOM,A,A,MINIMAX,LONE_PIECE_IMMOBILIZED,COMPLETED,35,828.8785000000007,901,18,1,0,0,"[{""from"":""P06"",""to"":""P08""},{""from"":""P05"",""to"":""P17""},{""from"":""P21"",""to"":""P23""},{""from"":""P20"",""to"":""P18""},{""from"":""P08"",""to"":""P13""},{""from"":""P10"",""to"":""P06""},{""from"":""P18"",""to"":""P20""},{""from"":""P06"",""to"":""P07""},{""from"":""P17"",""to"":""P12""},{""from"":""P07"",""to"":""P02""},{""from"":""P11"",""to"":""P03""},{""from"":""P02"",""to"":""P07""},{""from"":""P03"",""to"":""P09""},{""from"":""P07"",""to"":""P03""},{""from"":""P13"",""to"":""P08""},{""from"":""P03"",""to"":""P11""},{""from"":""P08"",""to"":""P29""},{""from"":""P11"",""to"":""P06""},{""from"":""P12"",""to"":""P07""},{""from"":""P06"",""to"":""P11""},{""from"":""P15"",""to"":""P12""},{""from"":""P11"",""to"":""P17""},{""from"":""P07"",""to"":""P03""},{""from"":""P17"",""to"":""P11""},{""from"":""P03"",""to"":""P26""},{""from"":""P11"",""to"":""P17""},{""from"":""P20"",""to"":""P18""},{""from"":""P17"",""to"":""P11""},{""from"":""P18"",""to"":""P20""},{""from"":""P11"",""to"":""P06""},{""from"":""P25"",""to"":""P07""},{""from"":""P06"",""to"":""P11""},{""from"":""P26"",""to"":""P28""},{""from"":""P11"",""to"":""P06""},{""from"":""P12"",""to"":""P11""}]",2563b8a564897a16d6fcfca56cd48abf5d8226eb4319d0c7e307f57137fdafaa,
selfplay-20260927-080451767,RANDOM_VS_ALPHA_BETA_TT,0,0,100025,RANDOM,ALPHA_BETA_TT,A,,,,MAX_PLIES_REACHED,60,1236.3829999999998,1238,30,1,0,0,"[{""from"":""P01"",""to"":""P02""},{""from"":""P25"",""to"":""P01""},{""from"":""P21"",""to"":""P23""},{""from"":""P05"",""to"":""P17""},{""from"":""P06"",""to"":""P08""},{""from"":""P15"",""to"":""P03""},{""from"":""P08"",""to"":""P07""},{""from"":""P17"",""to"":""P13""},{""from"":""P11"",""to"":""P12""},{""from"":""P20"",""to"":""P17""},{""from"":""P03"",""to"":""P26""},{""from"":""P02"",""to"":""P04""},{""from"":""P26"",""to"":""P28""},{""from"":""P13"",""to"":""P27""},{""from"":""P28"",""to"":""P03""},{""from"":""P07"",""to"":""P19""},{""from"":""P12"",""to"":""P14""},{""from"":""P01"",""to"":""P11""},{""from"":""P14"",""to"":""P15""},{""from"":""P19"",""to"":""P13""},{""from"":""P15"",""to"":""P19""},{""from"":""P13"",""to"":""P18""},{""from"":""P03"",""to"":""P02""},{""from"":""P17"",""to"":""P07""},{""from"":""P02"",""to"":""P03""},{""from"":""P10"",""to"":""P15""},{""from"":""P03"",""to"":""P28""},{""from"":""P04"",""to"":""P05""},{""from"":""P19"",""to"":""P13""},{""from"":""P23"",""to"":""P24""},{""from"":""P13"",""to"":""P25""},{""from"":""P27"",""to"":""P29""},{""from"":""P28"",""to"":""P27""},{""from"":""P05"",""to"":""P03""},{""from"":""P27"",""to"":""P26""},{""from"":""P03"",""to"":""P05""},{""from"":""P25"",""to"":""P13""},{""from"":""P29"",""to"":""P27""},{""from"":""P26"",""to"":""P03""},{""from"":""P24"",""to"":""P25""},{""from"":""P13"",""to"":""P09""},{""from"":""P15"",""to"":""P14""},{""from"":""P09"",""to"":""P04""},{""from"":""P05"",""to"":""P21""},{""from"":""P03"",""to"":""P13""},{""from"":""P27"",""to"":""P03""},{""from"":""P16"",""to"":""P17""},{""from"":""P11"",""to"":""P16""},{""from"":""P17"",""to"":""P11""},{""from"":""P18"",""to"":""P23""},{""from"":""P11"",""to"":""P17""},{""from"":""P23"",""to"":""P18""},{""from"":""P13"",""to"":""P19""},{""from"":""P16"",""to"":""P01""},{""from"":""P17"",""to"":""P11""},{""from"":""P14"",""to"":""P13""},{""from"":""P04"",""to"":""P05""},{""from"":""P18"",""to"":""P16""},{""from"":""P19"",""to"":""P18""},{""from"":""P21"",""to"":""P23""}]",874771b1b6299244ff879eb7cae374beb1fe2c01a6410f039bc2b4f604c545d9,
selfplay-20260927-080451767,RANDOM_VS_ALPHA_BETA_TT,1,0,100025,ALPHA_BETA_TT,RANDOM,A,A,ALPHA_BETA_TT,LONE_PIECE_IMMOBILIZED,COMPLETED,11,287.21919999999955,249,6,1,0,0,"[{""from"":""P06"",""to"":""P08""},{""from"":""P05"",""to"":""P02""},{""from"":""P11"",""to"":""P03""},{""from"":""P25"",""to"":""P23""},{""from"":""P16"",""to"":""P19""},{""from"":""P20"",""to"":""P25""},{""from"":""P15"",""to"":""P12""},{""from"":""P10"",""to"":""P09""},{""from"":""P12"",""to"":""P15""},{""from"":""P25"",""to"":""P24""},{""from"":""P15"",""to"":""P25""}]",5f0d9ace4cb920d56058cdb133c4c8d50269daabfda379e9164ccba7f9d413b7,
selfplay-20260927-080451767,RANDOM_VS_ALPHA_BETA_TT,2,1,100026,RANDOM,ALPHA_BETA_TT,A,,,,MAX_PLIES_REACHED,60,3055.754799999999,1557,30,1,0,0,"[{""from"":""P01"",""to"":""P02""},{""from"":""P25"",""to"":""P01""},{""from"":""P02"",""to"":""P03""},{""from"":""P10"",""to"":""P07""},{""from"":""P21"",""to"":""P13""},{""from"":""P01"",""to"":""P02""},{""from"":""P13"",""to"":""P12""},{""from"":""P15"",""to"":""P14""},{""from"":""P12"",""to"":""P17""},{""from"":""P03"",""to"":""P23""},{""from"":""P17"",""to"":""P12""},{""from"":""P16"",""to"":""P17""},{""from"":""P12"",""to"":""P13""},{""from"":""P05"",""to"":""P03""},{""from"":""P13"",""to"":""P19""},{""from"":""P03"",""to"":""P29""},{""from"":""P19"",""to"":""P15""},{""from"":""P07"",""to"":""P10""},{""from"":""P15"",""to"":""P19""},{""from"":""P10"",""to"":""P05""},{""from"":""P19"",""to"":""P07""},{""from"":""P14"",""to"":""P09""},{""from"":""P07"",""to"":""P19""},{""from"":""P02"",""to"":""P01""},{""from"":""P19"",""to"":""P07""},{""from"":""P20"",""to"":""P25""},{""from"":""P07"",""to"":""P08""},{""from"":""P29"",""to"":""P27""},{""from"":""P08"",""to"":""P13""},{""from"":""P06"",""to"":""P08""},{""from"":""P13"",""to"":""P07""},{""from"":""P11"",""to"":""P12""},{""from"":""P07"",""to"":""P02""},{""from"":""P08"",""to"":""P03""},{""from"":""P02"",""to"":""P07""},{""from"":""P03"",""to"":""P26""},{""from"":""P07"",""to"":""P08""},{""from"":""P17"",""to"":""P16""},{""from"":""P08"",""to"":""P13""},{""from"":""P27"",""to"":""P08""},{""from"":""P13"",""to"":""P14""},{""from"":""P25"",""to"":""P19""},{""from"":""P14"",""to"":""P13""},{""from"":""P09"",""to"":""P15""},{""from"":""P13"",""to"":""P07""},{""from"":""P16"",""to"":""P21""},{""from"":""P07"",""to"":""P02""},{""from"":""P15"",""to"":""P03""},{""from"":""P02"",""to"":""P07""},{""from"":""P03"",""to"":""P28""},{""from"":""P07"",""to"":""P13""},{""from"":""P23"",""to"":""P25""},{""from"":""P13"",""to"":""P09""},{""from"":""P26"",""to"":""P29""},{""from"":""P09"",""to"":""P03""},{""from"":""P29"",""to"":""P27""},{""from"":""P03"",""to"":""P15""},{""from"":""P27"",""to"":""P26""},{""from"":""P15"",""to"":""P10""},{""from"":""P25"",""to"":""P15""}]",ffcc0be602b21f86e480a20964eb964cd0300b47fc69f306d0670d2385baeeec,
selfplay-20260927-080451767,RANDOM_VS_ALPHA_BETA_TT,3,1,100026,ALPHA_BETA_TT,RANDOM,A,A,ALPHA_BETA_TT,LONE_PIECE_IMMOBILIZED,COMPLETED,19,490.30869999999777,416,10,1,0,0,"[{""from"":""P06"",""to"":""P08""},{""from"":""P05"",""to"":""P02""},{""from"":""P11"",""to"":""P03""},{""from"":""P10"",""to"":""P05""},{""from"":""P01"",""to"":""P13""},{""from"":""P15"",""to"":""P19""},{""from"":""P21"",""to"":""P23""},{""from"":""P05"",""to"":""P15""},{""from"":""P08"",""to"":""P09""},{""from"":""P15"",""to"":""P14""},{""from"":""P09"",""to"":""P15""},{""from"":""P25"",""to"":""P24""},{""from"":""P15"",""to"":""P10""},{""from"":""P20"",""to"":""P15""},{""from"":""P19"",""to"":""P20""},{""from"":""P24"",""to"":""P25""},{""from"":""P15"",""to"":""P19""},{""from"":""P25"",""to"":""P24""},{""from"":""P20"",""to"":""P25""}]",072ba60122224d92903e6fe208ab05b149a6b0257741388e7c9e08ea94b6b95a,
selfplay-20260927-080451767,RANDOM_VS_ALPHA_BETA_TT,4,2,100027,RANDOM,ALPHA_BETA_TT,A,B,ALPHA_BETA_TT,LONE_PIECE_IMMOBILIZED,COMPLETED,28,765.1195999999982,607,14,1,0,0,"[{""from"":""P01"",""to"":""P02""},{""from"":""P25"",""to"":""P01""},{""from"":""P02"",""to"":""P07""},{""from"":""P05"",""to"":""P13""},{""from"":""P11"",""to"":""P17""},{""from"":""P13"",""to"":""P11""},{""from"":""P17"",""to"":""P13""},{""from"":""P11"",""to"":""P17""},{""from"":""P06"",""to"":""P11""},{""from"":""P21"",""to"":""P22""},{""from"":""P16"",""to"":""P21""},{""from"":""P01"",""to"":""P04""},{""from"":""P11"",""to"":""P16""},{""from"":""P13"",""to"":""P27""},{""from"":""P16"",""to"":""P11""},{""from"":""P10"",""to"":""P05""},{""from"":""P11"",""to"":""P16""},{""from"":""P20"",""to"":""P25""},{""from"":""P16"",""to"":""P11""},{""from"":""P04"",""to"":""P14""},{""from"":""P11"",""to"":""P13""},{""from"":""P25"",""to"":""P19""},{""from"":""P21"",""to"":""P06""},{""from"":""P13"",""to"":""P11""},{""from"":""P06"",""to"":""P01""},{""from"":""P15"",""to"":""P03""},{""from"":""P01"",""to"":""P02""},{""from"":""P11"",""to"":""P01""}]",6755437e243eeef9787acd9b1b1ef3ba1ec5e0359a26f0021364f65a4a600685,
selfplay-20260927-080451767,RANDOM_VS_ALPHA_BETA_TT,5,2,100027,ALPHA_BETA_TT,RANDOM,A,,,,MAX_PLIES_REACHED,60,3242.581000000002,1634,30,1,0,0,"[{""from"":""P06"",""to"":""P08""},{""from"":""P05"",""to"":""P02""},{""from"":""P11"",""to"":""P03""},{""from"":""P10"",""to"":""P09""},{""from"":""P01"",""to"":""P13""},{""from"":""P09"",""to"":""P10""},{""from"":""P21"",""to"":""P23""},{""from"":""P15"",""to"":""P14""},{""from"":""P03"",""to"":""P15""},{""from"":""P10"",""to"":""P05""},{""from"":""P14"",""to"":""P19""},{""from"":""P25"",""to"":""P24""},{""from"":""P19"",""to"":""P25""},{""from"":""P20"",""to"":""P17""},{""from"":""P13"",""to"":""P11""},{""from"":""P05"",""to"":""P10""},{""from"":""P17"",""to"":""P05""},{""from"":""P10"",""to"":""P09""},{""from"":""P23"",""to"":""P17""},{""from"":""P09"",""to"":""P19""},{""from"":""P15"",""to"":""P14""},{""from"":""P19"",""to"":""P18""},{""from"":""P24"",""to"":""P19""},{""from"":""P18"",""to"":""P13""},{""from"":""P02"",""to"":""P01""},{""from"":""P13"",""to"":""P07""},{""from"":""P16"",""to"":""P21""},{""from"":""P07"",""to"":""P03""},{""from"":""P17"",""to"":""P02""},{""from"":""P03"",""to"":""P28""},{""from"":""P08"",""to"":""P27""},{""from"":""P28"",""to"":""P29""},{""from"":""P14"",""to"":""P09""},{""from"":""P29"",""to"":""P26""},{""from"":""P19"",""to"":""P18""},{""from"":""P26"",""to"":""P29""},{""from"":""P02"",""to"":""P12""},{""from"":""P29"",""to"":""P28""},{""from"":""P11"",""to"":""P23""},{""from"":""P28"",""to"":""P29""},{""from"":""P18"",""to"":""P16""},{""from"":""P29"",""to"":""P28""},{""from"":""P16"",""to"":""P18""},{""from"":""P28"",""to"":""P29""},{""from"":""P18"",""to"":""P16""},{""from"":""P29"",""to"":""P28""},{""from"":""P16"",""to"":""P18""},{""from"":""P28"",""to"":""P03""},{""from"":""P23"",""to"":""P11""},{""from"":""P03"",""to"":""P28""},{""from"":""P11"",""to"":""P23""},{""from"":""P28"",""to"":""P03""},{""from"":""P23"",""to"":""P11""},{""from"":""P03"",""to"":""P28""},{""from"":""P11"",""to"":""P23""},{""from"":""P28"",""to"":""P29""},{""from"":""P18"",""to"":""P16""},{""from"":""P29"",""to"":""P28""},{""from"":""P16"",""to"":""P18""},{""from"":""P28"",""to"":""P03""}]",64f0fa03cdd24a366be3c13ae28bfd1470a68a1dbe4f2ac9b4ae8f4385309427,
selfplay-20260927-080451767,RANDOM_VS_ALPHA_BETA_TT,6,3,100028,RANDOM,ALPHA_BETA_TT,A,B,ALPHA_BETA_TT,LONE_PIECE_IMMOBILIZED,COMPLETED,10,181.65480000000025,185,5,1,0,0,"[{""from"":""P01"",""to"":""P02""},{""from"":""P25"",""to"":""P01""},{""from"":""P02"",""to"":""P22""},{""from"":""P10"",""to"":""P07""},{""from"":""P22"",""to"":""P23""},{""from"":""P20"",""to"":""P17""},{""from"":""P21"",""to"":""P22""},{""from"":""P01"",""to"":""P03""},{""from"":""P22"",""to"":""P21""},{""from"":""P23"",""to"":""P22""}]",b06fd4f760aa59080fb6debe6c323456c203cf574c4853f0257477836b4e30d8,
selfplay-20260927-080451767,RANDOM_VS_ALPHA_BETA_TT,7,3,100028,ALPHA_BETA_TT,RANDOM,A,A,ALPHA_BETA_TT,LONE_PIECE_IMMOBILIZED,COMPLETED,27,1115.368599999998,649,14,1,0,0,"[{""from"":""P06"",""to"":""P08""},{""from"":""P05"",""to"":""P02""},{""from"":""P11"",""to"":""P03""},{""from"":""P15"",""to"":""P11""},{""from"":""P01"",""to"":""P06""},{""from"":""P25"",""to"":""P19""},{""from"":""P03"",""to"":""P15""},{""from"":""P11"",""to"":""P23""},{""from"":""P16"",""to"":""P18""},{""from"":""P23"",""to"":""P24""},{""from"":""P08"",""to"":""P29""},{""from"":""P24"",""to"":""P23""},{""from"":""P06"",""to"":""P11""},{""from"":""P23"",""to"":""P17""},{""from"":""P10"",""to"":""P06""},{""from"":""P17"",""to"":""P13""},{""from"":""P06"",""to"":""P08""},{""from"":""P13"",""to"":""P05""},{""from"":""P08"",""to"":""P09""},{""from"":""P05"",""to"":""P03""},{""from"":""P19"",""to"":""P25""},{""from"":""P03"",""to"":""P04""},{""from"":""P15"",""to"":""P05""},{""from"":""P04"",""to"":""P03""},{""from"":""P20"",""to"":""P15""},{""from"":""P03"",""to"":""P04""},{""from"":""P02"",""to"":""P03""}]",bf8dca475ecd0e13f8c356d6ca5639bfe7f619190ce6a8e1c7e73c2976602d55,
selfplay-20260927-080451767,RANDOM_VS_ALPHA_BETA_TT,8,4,100029,RANDOM,ALPHA_BETA_TT,A,B,ALPHA_BETA_TT,LONE_PIECE_IMMOBILIZED,COMPLETED,46,2177.964200000002,1164,23,1,0,0,"[{""from"":""P01"",""to"":""P02""},{""from"":""P25"",""to"":""P01""},{""from"":""P06"",""to"":""P08""},{""from"":""P05"",""to"":""P03""},{""from"":""P11"",""to"":""P23""},{""from"":""P02"",""to"":""P22""},{""from"":""P08"",""to"":""P13""},{""from"":""P01"",""to"":""P11""},{""from"":""P13"",""to"":""P08""},{""from"":""P03"",""to"":""P01""},{""from"":""P08"",""to"":""P09""},{""from"":""P23"",""to"":""P08""},{""from"":""P09"",""to"":""P14""},{""from"":""P10"",""to"":""P05""},{""from"":""P14"",""to"":""P13""},{""from"":""P20"",""to"":""P19""},{""from"":""P13"",""to"":""P18""},{""from"":""P01"",""to"":""P02""},{""from"":""P18"",""to"":""P13""},{""from"":""P16"",""to"":""P18""},{""from"":""P13"",""to"":""P12""},{""from"":""P08"",""to"":""P29""},{""from"":""P12"",""to"":""P17""},{""from"":""P21"",""to"":""P16""},{""from"":""P17"",""to"":""P07""},{""from"":""P18"",""to"":""P08""},{""from"":""P07"",""to"":""P03""},{""from"":""P29"",""to"":""P27""},{""from"":""P03"",""to"":""P07""},{""from"":""P27"",""to"":""P26""},{""from"":""P07"",""to"":""P12""},{""from"":""P16"",""to"":""P21""},{""from"":""P12"",""to"":""P14""},{""from"":""P15"",""to"":""P09""},{""from"":""P14"",""to"":""P15""},{""from"":""P09"",""to"":""P14""},{""from"":""P15"",""to"":""P10""},{""from"":""P14"",""to"":""P15""},{""from"":""P10"",""to"":""P09""},{""from"":""P22"",""to"":""P25""},{""from"":""P09"",""to"":""P04""},{""from"":""P15"",""to"":""P09""},{""from"":""P04"",""to"":""P03""},{""from"":""P26"",""to"":""P27""},{""from"":""P03"",""to"":""P04""},{""from"":""P02"",""to"":""P03""}]",9e6c14c6589c547dc172ce9ff51a6fd2e7a29c03bec760650c51c125807c4813,
selfplay-20260927-080451767,RANDOM_VS_ALPHA_BETA_TT,9,4,100029,ALPHA_BETA_TT,RANDOM,A,A,ALPHA_BETA_TT,LONE_PIECE_IMMOBILIZED,COMPLETED,33,949.6843000000008,799,17,1,0,0,"[{""from"":""P06"",""to"":""P08""},{""from"":""P05"",""to"":""P02""},{""from"":""P11"",""to"":""P03""},{""from"":""P15"",""to"":""P13""},{""from"":""P16"",""to"":""P18""},{""from"":""P13"",""to"":""P15""},{""from"":""P08"",""to"":""P09""},{""from"":""P15"",""to"":""P19""},{""from"":""P18"",""to"":""P23""},{""from"":""P19"",""to"":""P14""},{""from"":""P01"",""to"":""P19""},{""from"":""P10"",""to"":""P15""},{""from"":""P03"",""to"":""P29""},{""from"":""P15"",""to"":""P10""},{""from"":""P14"",""to"":""P11""},{""from"":""P20"",""to"":""P15""},{""from"":""P11"",""to"":""P14""},{""from"":""P25"",""to"":""P24""},{""from"":""P19"",""to"":""P25""},{""from"":""P10"",""to"":""P05""},{""from"":""P21"",""to"":""P16""},{""from"":""P15"",""to"":""P10""},{""from"":""P14"",""to"":""P11""},{""from"":""P10"",""to"":""P20""},{""from"":""P24"",""to"":""P19""},{""from"":""P05"",""to"":""P03""},{""from"":""P09"",""to"":""P04""},{""from"":""P20"",""to"":""P05""},{""from"":""P03"",""to"":""P09""},{""from"":""P05"",""to"":""P10""},{""from"":""P19"",""to"":""P15""},{""from"":""P10"",""to"":""P05""},{""from"":""P15"",""to"":""P10""}]",d2d321efe7292733e6dad2cf44fcc4a5448473e1826df0880d7df8b0774df905,
selfplay-20260927-080451767,RANDOM_VS_ALPHA_BETA_TT,10,5,100030,RANDOM,ALPHA_BETA_TT,A,B,ALPHA_BETA_TT,LONE_PIECE_IMMOBILIZED,COMPLETED,20,456.20520000000033,380,10,1,0,0,"[{""from"":""P01"",""to"":""P02""},{""from"":""P25"",""to"":""P01""},{""from"":""P11"",""to"":""P03""},{""from"":""P15"",""to"":""P23""},{""from"":""P03"",""to"":""P07""},{""from"":""P05"",""to"":""P03""},{""from"":""P07"",""to"":""P19""},{""from"":""P03"",""to"":""P15""},{""from"":""P06"",""to"":""P07""},{""from"":""P15"",""to"":""P12""},{""from"":""P16"",""to"":""P11""},{""from"":""P19"",""to"":""P17""},{""from"":""P21"",""to"":""P22""},{""from"":""P17"",""to"":""P21""},{""from"":""P11"",""to"":""P16""},{""from"":""P02"",""to"":""P03""},{""from"":""P16"",""to"":""P11""},{""from"":""P12"",""to"":""P14""},{""from"":""P11"",""to"":""P06""},{""from"":""P14"",""to"":""P11""}]",870e430ef46a0eb1cb5289cf8c26f5e188b60a2abd5d5b0764fa03011463536e,
selfplay-20260927-080451767,RANDOM_VS_ALPHA_BETA_TT,11,5,100030,ALPHA_BETA_TT,RANDOM,A,A,ALPHA_BETA_TT,LONE_PIECE_IMMOBILIZED,COMPLETED,21,606.053899999999,504,11,1,0,0,"[{""from"":""P06"",""to"":""P08""},{""from"":""P05"",""to"":""P02""},{""from"":""P11"",""to"":""P03""},{""from"":""P15"",""to"":""P14""},{""from"":""P16"",""to"":""P19""},{""from"":""P10"",""to"":""P15""},{""from"":""P08"",""to"":""P09""},{""from"":""P25"",""to"":""P22""},{""from"":""P03"",""to"":""P23""},{""from"":""P15"",""to"":""P05""},{""from"":""P02"",""to"":""P03""},{""from"":""P05"",""to"":""P04""},{""from"":""P09"",""to"":""P05""},{""from"":""P20"",""to"":""P25""},{""from"":""P01"",""to"":""P06""},{""from"":""P25"",""to"":""P15""},{""from"":""P05"",""to"":""P10""},{""from"":""P15"",""to"":""P09""},{""from"":""P22"",""to"":""P17""},{""from"":""P09"",""to"":""P05""},{""from"":""P03"",""to"":""P09""}]",a111bffbd9c3c428090ac870cec17707b31c395765a48dc8297f6714b98b2d05,
selfplay-20260927-080451767,RANDOM_VS_ALPHA_BETA_TT,12,6,100031,RANDOM,ALPHA_BETA_TT,A,,,,MAX_PLIES_REACHED,60,1378.2158999999992,1317,30,1,0,0,"[{""from"":""P01"",""to"":""P02""},{""from"":""P25"",""to"":""P01""},{""from"":""P11"",""to"":""P13""},{""from"":""P05"",""to"":""P03""},{""from"":""P21"",""to"":""P22""},{""from"":""P10"",""to"":""P09""},{""from"":""P13"",""to"":""P21""},{""from"":""P02"",""to"":""P17""},{""from"":""P22"",""to"":""P23""},{""from"":""P17"",""to"":""P22""},{""from"":""P16"",""to"":""P19""},{""from"":""P09"",""to"":""P10""},{""from"":""P19"",""to"":""P14""},{""from"":""P10"",""to"":""P09""},{""from"":""P14"",""to"":""P12""},{""from"":""P01"",""to"":""P07""},{""from"":""P23"",""to"":""P18""},{""from"":""P22"",""to"":""P17""},{""from"":""P06"",""to"":""P16""},{""from"":""P09"",""to"":""P24""},{""from"":""P16"",""to"":""P06""},{""from"":""P15"",""to"":""P13""},{""from"":""P06"",""to"":""P11""},{""from"":""P21"",""to"":""P23""},{""from"":""P11"",""to"":""P01""},{""from"":""P23"",""to"":""P21""},{""from"":""P01"",""to"":""P06""},{""from"":""P21"",""to"":""P11""},{""from"":""P18"",""to"":""P23""},{""from"":""P17"",""to"":""P22""},{""from"":""P23"",""to"":""P15""},{""from"":""P24"",""to"":""P14""},{""from"":""P15"",""to"":""P23""},{""from"":""P14"",""to"":""P24""},{""from"":""P23"",""to"":""P18""},{""from"":""P22"",""to"":""P17""},{""from"":""P06"",""to"":""P01""},{""from"":""P20"",""to"":""P15""},{""from"":""P01"",""to"":""P06""},{""from"":""P03"",""to"":""P04""},{""from"":""P18"",""to"":""P20""},{""from"":""P13"",""to"":""P27""},{""from"":""P20"",""to"":""P25""},{""from"":""P27"",""to"":""P29""},{""from"":""P12"",""to"":""P14""},{""from"":""P17"",""to"":""P13""},{""from"":""P14"",""to"":""P19""},{""from"":""P13"",""to"":""P21""},{""from"":""P19"",""to"":""P16""},{""from"":""P21"",""to"":""P17""},{""from"":""P06"",""to"":""P01""},{""from"":""P11"",""to"":""P13""},{""from"":""P01"",""to"":""P06""},{""from"":""P13"",""to"":""P27""},{""from"":""P25"",""to"":""P20""},{""from"":""P27"",""to"":""P18""},{""from"":""P20"",""to"":""P25""},{""from"":""P18"",""to"":""P27""},{""from"":""P16"",""to"":""P21""},{""from"":""P24"",""to"":""P19""}]",43d8220adfe5b0a59c3760141f190fd9d16c24251e51889c472f350e7cbea6c0,
selfplay-20260927-080451767,RANDOM_VS_ALPHA_BETA_TT,13,6,100031,ALPHA_BETA_TT,RANDOM,A,A,ALPHA_BETA_TT,LONE_PIECE_IMMOBILIZED,COMPLETED,13,280.3640000000014,250,7,1,0,0,"[{""from"":""P06"",""to"":""P08""},{""from"":""P05"",""to"":""P02""},{""from"":""P11"",""to"":""P03""},{""from"":""P15"",""to"":""P23""},{""from"":""P21"",""to"":""P09""},{""from"":""P25"",""to"":""P13""},{""from"":""P09"",""to"":""P15""},{""from"":""P13"",""to"":""P19""},{""from"":""P16"",""to"":""P18""},{""from"":""P23"",""to"":""P24""},{""from"":""P18"",""to"":""P23""},{""from"":""P24"",""to"":""P25""},{""from"":""P23"",""to"":""P24""}]",0daacea68d273d959a5b6cb224bc36cd271735dea448b9368097e6748e21224c,
selfplay-20260927-080451767,RANDOM_VS_ALPHA_BETA_TT,14,7,100032,RANDOM,ALPHA_BETA_TT,A,,,,MAX_PLIES_REACHED,60,1312.5843999999997,1289,30,1,0,0,"[{""from"":""P01"",""to"":""P02""},{""from"":""P25"",""to"":""P01""},{""from"":""P11"",""to"":""P17""},{""from"":""P05"",""to"":""P03""},{""from"":""P17"",""to"":""P13""},{""from"":""P02"",""to"":""P17""},{""from"":""P06"",""to"":""P09""},{""from"":""P01"",""to"":""P11""},{""from"":""P03"",""to"":""P27""},{""from"":""P11"",""to"":""P03""},{""from"":""P15"",""to"":""P14""},{""from"":""P20"",""to"":""P19""},{""from"":""P27"",""to"":""P28""},{""from"":""P13"",""to"":""P08""},{""from"":""P09"",""to"":""P13""},{""from"":""P08"",""to"":""P09""},{""from"":""P13"",""to"":""P11""},{""from"":""P09"",""to"":""P06""},{""from"":""P11"",""to"":""P13""},{""from"":""P17"",""to"":""P12""},{""from"":""P28"",""to"":""P27""},{""from"":""P16"",""to"":""P18""},{""from"":""P27"",""to"":""P28""},{""from"":""P06"",""to"":""P01""},{""from"":""P28"",""to"":""P29""},{""from"":""P10"",""to"":""P09""},{""from"":""P13"",""to"":""P07""},{""from"":""P03"",""to"":""P27""},{""from"":""P29"",""to"":""P28""},{""from"":""P18"",""to"":""P23""},{""from"":""P28"",""to"":""P29""},{""from"":""P01"",""to"":""P05""},{""from"":""P07"",""to"":""P01""},{""from"":""P21"",""to"":""P06""},{""from"":""P29"",""to"":""P26""},{""from"":""P09"",""to"":""P03""},{""from"":""P01"",""to"":""P13""},{""from"":""P03"",""to"":""P09""},{""from"":""P13"",""to"":""P01""},{""from"":""P09"",""to"":""P03""},{""from"":""P01"",""to"":""P13""},{""from"":""P03"",""to"":""P09""},{""from"":""P13"",""to"":""P17""},{""from"":""P06"",""to"":""P01""},{""from"":""P14"",""to"":""P15""},{""from"":""P09"",""to"":""P10""},{""from"":""P17"",""to"":""P11""},{""from"":""P19"",""to"":""P14""},{""from"":""P15"",""to"":""P09""},{""from"":""P12"",""to"":""P17""},{""from"":""P11"",""to"":""P06""},{""from"":""P10"",""to"":""P25""},{""from"":""P26"",""to"":""P03""},{""from"":""P27"",""to"":""P26""},{""from"":""P06"",""to"":""P21""},{""from"":""P26"",""to"":""P27""},{""from"":""P09"",""to"":""P10""},{""from"":""P23"",""to"":""P08""},{""from"":""P03"",""to"":""P04""},{""from"":""P27"",""to"":""P03""}]",5062ed56282397a6539789c2aea9aa0825cfd588e9e019a3dbed647b5be5fd08,
selfplay-20260927-080451767,RANDOM_VS_ALPHA_BETA_TT,15,7,100032,ALPHA_BETA_TT,RANDOM,A,A,ALPHA_BETA_TT,LONE_PIECE_IMMOBILIZED,COMPLETED,25,588.6293000000005,577,13,1,0,0,"[{""from"":""P06"",""to"":""P08""},{""from"":""P05"",""to"":""P02""},{""from"":""P11"",""to"":""P03""},{""from"":""P20"",""to"":""P18""},{""from"":""P16"",""to"":""P17""},{""from"":""P18"",""to"":""P19""},{""from"":""P08"",""to"":""P09""},{""from"":""P19"",""to"":""P14""},{""from"":""P17"",""to"":""P19""},{""from"":""P25"",""to"":""P20""},{""from"":""P02"",""to"":""P12""},{""from"":""P20"",""to"":""P25""},{""from"":""P21"",""to"":""P23""},{""from"":""P25"",""to"":""P24""},{""from"":""P19"",""to"":""P25""},{""from"":""P10"",""to"":""P05""},{""from"":""P25"",""to"":""P20""},{""from"":""P05"",""to"":""P10""},{""from"":""P03"",""to"":""P29""},{""from"":""P10"",""to"":""P05""},{""from"":""P29"",""to"":""P03""},{""from"":""P15"",""to"":""P19""},{""from"":""P14"",""to"":""P15""},{""from"":""P05"",""to"":""P10""},{""from"":""P03"",""to"":""P05""}]",d5041787bfec924e703b92493b4c9308f7a83d629bf02a84be0d60a1e2d6b8c3,
selfplay-20260927-080451767,RANDOM_VS_ALPHA_BETA_TT,16,8,100033,RANDOM,ALPHA_BETA_TT,A,B,ALPHA_BETA_TT,LONE_PIECE_IMMOBILIZED,COMPLETED,14,258.8012999999992,232,7,1,0,0,"[{""from"":""P01"",""to"":""P02""},{""from"":""P25"",""to"":""P01""},{""from"":""P16"",""to"":""P17""},{""from"":""P05"",""to"":""P03""},{""from"":""P11"",""to"":""P13""},{""from"":""P15"",""to"":""P14""},{""from"":""P17"",""to"":""P07""},{""from"":""P20"",""to"":""P17""},{""from"":""P06"",""to"":""P11""},{""from"":""P17"",""to"":""P12""},{""from"":""P11"",""to"":""P16""},{""from"":""P13"",""to"":""P17""},{""from"":""P16"",""to"":""P06""},{""from"":""P12"",""to"":""P11""}]",60721a83887f966cc83df63976eb6d15139f774e4479d1778b909f5b94948b27,
selfplay-20260927-080451767,RANDOM_VS_ALPHA_BETA_TT,17,8,100033,ALPHA_BETA_TT,RANDOM,A,A,ALPHA_BETA_TT,LONE_PIECE_IMMOBILIZED,COMPLETED,27,673.8246000000036,587,14,1,0,0,"[{""from"":""P06"",""to"":""P08""},{""from"":""P05"",""to"":""P02""},{""from"":""P11"",""to"":""P03""},{""from"":""P20"",""to"":""P19""},{""from"":""P02"",""to"":""P12""},{""from"":""P15"",""to"":""P14""},{""from"":""P03"",""to"":""P15""},{""from"":""P19"",""to"":""P18""},{""from"":""P12"",""to"":""P13""},{""from"":""P10"",""to"":""P05""},{""from"":""P16"",""to"":""P17""},{""from"":""P05"",""to"":""P10""},{""from"":""P15"",""to"":""P19""},{""from"":""P10"",""to"":""P15""},{""from"":""P18"",""to"":""P23""},{""from"":""P15"",""to"":""P05""},{""from"":""P14"",""to"":""P15""},{""from"":""P25"",""to"":""P20""},{""from"":""P15"",""to"":""P03""},{""from"":""P05"",""to"":""P10""},{""from"":""P13"",""to"":""P12""},{""from"":""P10"",""to"":""P09""},{""from"":""P12"",""to"":""P15""},{""from"":""P20"",""to"":""P25""},{""from"":""P09"",""to"":""P05""},{""from"":""P25"",""to"":""P24""},{""from"":""P15"",""to"":""P25""}]",e411b015057a90ab469e2aa7833cf22eb1b31f29ac152dbe1f57ba203d73568f,
selfplay-20260927-080451767,RANDOM_VS_ALPHA_BETA_TT,18,9,100034,RANDOM,ALPHA_BETA_TT,A,B,ALPHA_BETA_TT,LONE_PIECE_IMMOBILIZED,COMPLETED,20,438.3853999999992,389,10,1,0,0,"[{""from"":""P01"",""to"":""P02""},{""from"":""P25"",""to"":""P01""},{""from"":""P21"",""to"":""P09""},{""from"":""P05"",""to"":""P03""},{""from"":""P16"",""to"":""P21""},{""from"":""P03"",""to"":""P23""},{""from"":""P11"",""to"":""P16""},{""from"":""P02"",""to"":""P17""},{""from"":""P16"",""to"":""P11""},{""from"":""P15"",""to"":""P12""},{""from"":""P06"",""to"":""P07""},{""from"":""P17"",""to"":""P13""},{""from"":""P21"",""to"":""P17""},{""from"":""P23"",""to"":""P21""},{""from"":""P11"",""to"":""P06""},{""from"":""P09"",""to"":""P04""},{""from"":""P06"",""to"":""P11""},{""from"":""P13"",""to"":""P27""},{""from"":""P11"",""to"":""P06""},{""from"":""P12"",""to"":""P11""}]",be66c0fe3ea81d5803371693dddc0654c0214a784593281b8b9083345452eff1,
selfplay-20260927-080451767,RANDOM_VS_ALPHA_BETA_TT,19,9,100034,ALPHA_BETA_TT,RANDOM,A,,,,MAX_PLIES_REACHED,60,1233.3944000000047,1266,30,1,0,0,"[{""from"":""P06"",""to"":""P08""},{""from"":""P05"",""to"":""P02""},{""from"":""P11"",""to"":""P03""},{""from"":""P25"",""to"":""P13""},{""from"":""P16"",""to"":""P18""},{""from"":""P20"",""to"":""P19""},{""from"":""P03"",""to"":""P09""},{""from"":""P19"",""to"":""P20""},{""from"":""P08"",""to"":""P29""},{""from"":""P20"",""to"":""P19""},{""from"":""P21"",""to"":""P25""},{""from"":""P10"",""to"":""P05""},{""from"":""P01"",""to"":""P11""},{""from"":""P15"",""to"":""P14""},{""from"":""P25"",""to"":""P20""},{""from"":""P05"",""to"":""P04""},{""from"":""P18"",""to"":""P23""},{""from"":""P09"",""to"":""P05""},{""from"":""P20"",""to"":""P15""},{""from"":""P04"",""to"":""P09""},{""from"":""P23"",""to"":""P22""},{""from"":""P09"",""to"":""P08""},{""from"":""P29"",""to"":""P27""},{""from"":""P05"",""to"":""P09""},{""from"":""P15"",""to"":""P05""},{""from"":""P14"",""to"":""P15""},{""from"":""P27"",""to"":""P29""},{""from"":""P08"",""to"":""P03""},{""from"":""P29"",""to"":""P27""},{""from"":""P09"",""to"":""P06""},{""from"":""P13"",""to"":""P08""},{""from"":""P15"",""to"":""P20""},{""from"":""P22"",""to"":""P21""},{""from"":""P03"",""to"":""P15""},{""from"":""P27"",""to"":""P26""},{""from"":""P15"",""to"":""P14""},{""from"":""P05"",""to"":""P15""},{""from"":""P20"",""to"":""P25""},{""from"":""P19"",""to"":""P13""},{""from"":""P25"",""to"":""P23""},{""from"":""P21"",""to"":""P22""},{""from"":""P23"",""to"":""P18""},{""from"":""P11"",""to"":""P16""},{""from"":""P14"",""to"":""P24""},{""from"":""P13"",""to"":""P19""},{""from"":""P18"",""to"":""P13""},{""from"":""P19"",""to"":""P09""},{""from"":""P13"",""to"":""P21""},{""from"":""P02"",""to"":""P01""},{""from"":""P24"",""to"":""P23""},{""from"":""P16"",""to"":""P11""},{""from"":""P22"",""to"":""P07""},{""from"":""P09"",""to"":""P19""},{""from"":""P07"",""to"":""P03""},{""from"":""P19"",""to"":""P17""},{""from"":""P03"",""to"":""P07""},{""from"":""P08"",""to"":""P13""},{""from"":""P07"",""to"":""P09""},{""from"":""P13"",""to"":""P18""},{""from"":""P09"",""to"":""P08""}]",e14e20dc098cf1848b61b7d7a672e7a175eb86bef0dc45112bafbaac1ef92555,
selfplay-20260927-080451767,RANDOM_VS_ALPHA_BETA_TT,20,10,100035,RANDOM,ALPHA_BETA_TT,A,,,,MAX_PLIES_REACHED,60,1345.4930999999997,1334,30,1,0,0,"[{""from"":""P01"",""to"":""P02""},{""from"":""P25"",""to"":""P01""},{""from"":""P21"",""to"":""P17""},{""from"":""P05"",""to"":""P03""},{""from"":""P17"",""to"":""P12""},{""from"":""P02"",""to"":""P07""},{""from"":""P16"",""to"":""P17""},{""from"":""P10"",""to"":""P09""},{""from"":""P12"",""to"":""P14""},{""from"":""P15"",""to"":""P19""},{""from"":""P17"",""to"":""P22""},{""from"":""P09"",""to"":""P21""},{""from"":""P11"",""to"":""P13""},{""from"":""P19"",""to"":""P23""},{""from"":""P06"",""to"":""P11""},{""from"":""P01"",""to"":""P06""},{""from"":""P13"",""to"":""P19""},{""from"":""P20"",""to"":""P15""},{""from"":""P11"",""to"":""P13""},{""from"":""P22"",""to"":""P17""},{""from"":""P07"",""to"":""P10""},{""from"":""P23"",""to"":""P25""},{""from"":""P19"",""to"":""P23""},{""from"":""P14"",""to"":""P09""},{""from"":""P23"",""to"":""P24""},{""from"":""P15"",""to"":""P23""},{""from"":""P24"",""to"":""P19""},{""from"":""P23"",""to"":""P18""},{""from"":""P13"",""to"":""P15""},{""from"":""P18"",""to"":""P13""},{""from"":""P15"",""to"":""P20""},{""from"":""P06"",""to"":""P01""},{""from"":""P19"",""to"":""P15""},{""from"":""P13"",""to"":""P14""},{""from"":""P20"",""to"":""P19""},{""from"":""P14"",""to"":""P13""},{""from"":""P15"",""to"":""P20""},{""from"":""P03"",""to"":""P26""},{""from"":""P19"",""to"":""P24""},{""from"":""P13"",""to"":""P23""},{""from"":""P20"",""to"":""P15""},{""from"":""P17"",""to"":""P12""},{""from"":""P10"",""to"":""P05""},{""from"":""P26"",""to"":""P03""},{""from"":""P05"",""to"":""P10""},{""from"":""P03"",""to"":""P29""},{""from"":""P15"",""to"":""P20""},{""from"":""P25"",""to"":""P19""},{""from"":""P24"",""to"":""P25""},{""from"":""P29"",""to"":""P27""},{""from"":""P25"",""to"":""P24""},{""from"":""P27"",""to"":""P29""},{""from"":""P20"",""to"":""P25""},{""from"":""P29"",""to"":""P27""},{""from"":""P25"",""to"":""P20""},{""from"":""P27"",""to"":""P29""},{""from"":""P10"",""to"":""P05""},{""from"":""P01"",""to"":""P03""},{""from"":""P24"",""to"":""P25""},{""from"":""P03"",""to"":""P01""}]",86b7ca35eeb3a40480a4bb17c7a54ad966941f5a1308bc34f5be4dce9688f67b,
selfplay-20260927-080451767,RANDOM_VS_ALPHA_BETA_TT,21,10,100035,ALPHA_BETA_TT,RANDOM,A,A,ALPHA_BETA_TT,LONE_PIECE_IMMOBILIZED,COMPLETED,19,395.217899999996,372,10,1,0,0,"[{""from"":""P06"",""to"":""P08""},{""from"":""P05"",""to"":""P02""},{""from"":""P11"",""to"":""P03""},{""from"":""P25"",""to"":""P19""},{""from"":""P21"",""to"":""P25""},{""from"":""P19"",""to"":""P09""},{""from"":""P03"",""to"":""P05""},{""from"":""P15"",""to"":""P13""},{""from"":""P16"",""to"":""P18""},{""from"":""P09"",""to"":""P15""},{""from"":""P13"",""to"":""P14""},{""from"":""P20"",""to"":""P19""},{""from"":""P25"",""to"":""P24""},{""from"":""P10"",""to"":""P09""},{""from"":""P05"",""to"":""P10""},{""from"":""P15"",""to"":""P20""},{""from"":""P08"",""to"":""P29""},{""from"":""P20"",""to"":""P25""},{""from"":""P10"",""to"":""P20""}]",a960f7992da17ee44ce53da7489d8bf0047ef87236fd8ee50800621ceaaae9cb,
selfplay-20260927-080451767,RANDOM_VS_ALPHA_BETA_TT,22,11,100036,RANDOM,ALPHA_BETA_TT,A,B,ALPHA_BETA_TT,LONE_PIECE_IMMOBILIZED,COMPLETED,36,1632.8853999999992,894,18,1,0,0,"[{""from"":""P01"",""to"":""P02""},{""from"":""P25"",""to"":""P01""},{""from"":""P21"",""to"":""P23""},{""from"":""P05"",""to"":""P17""},{""from"":""P02"",""to"":""P05""},{""from"":""P01"",""to"":""P04""},{""from"":""P05"",""to"":""P13""},{""from"":""P20"",""to"":""P19""},{""from"":""P13"",""to"":""P01""},{""from"":""P11"",""to"":""P03""},{""from"":""P01"",""to"":""P07""},{""from"":""P15"",""to"":""P11""},{""from"":""P07"",""to"":""P09""},{""from"":""P11"",""to"":""P14""},{""from"":""P09"",""to"":""P15""},{""from"":""P23"",""to"":""P25""},{""from"":""P15"",""to"":""P09""},{""from"":""P16"",""to"":""P21""},{""from"":""P09"",""to"":""P08""},{""from"":""P14"",""to"":""P13""},{""from"":""P08"",""to"":""P09""},{""from"":""P13"",""to"":""P14""},{""from"":""P09"",""to"":""P13""},{""from"":""P17"",""to"":""P12""},{""from"":""P13"",""to"":""P23""},{""from"":""P19"",""to"":""P18""},{""from"":""P23"",""to"":""P24""},{""from"":""P18"",""to"":""P23""},{""from"":""P24"",""to"":""P19""},{""from"":""P12"",""to"":""P17""},{""from"":""P19"",""to"":""P20""},{""from"":""P23"",""to"":""P19""},{""from"":""P20"",""to"":""P15""},{""from"":""P04"",""to"":""P05""},{""from"":""P15"",""to"":""P20""},{""from"":""P03"",""to"":""P15""}]",2c9840da76e444219908c470f54c28d5a7de4007c2784549b48ee9d07b390a03,
selfplay-20260927-080451767,RANDOM_VS_ALPHA_BETA_TT,23,11,100036,ALPHA_BETA_TT,RANDOM,A,A,ALPHA_BETA_TT,LONE_PIECE_IMMOBILIZED,COMPLETED,39,1685.4786999999997,984,20,1,0,0,"[{""from"":""P06"",""to"":""P08""},{""from"":""P05"",""to"":""P02""},{""from"":""P11"",""to"":""P03""},{""from"":""P25"",""to"":""P23""},{""from"":""P16"",""to"":""P19""},{""from"":""P10"",""to"":""P05""},{""from"":""P15"",""to"":""P12""},{""from"":""P05"",""to"":""P17""},{""from"":""P12"",""to"":""P11""},{""from"":""P20"",""to"":""P05""},{""from"":""P08"",""to"":""P10""},{""from"":""P05"",""to"":""P09""},{""from"":""P23"",""to"":""P08""},{""from"":""P09"",""to"":""P13""},{""from"":""P17"",""to"":""P07""},{""from"":""P13"",""to"":""P23""},{""from"":""P07"",""to"":""P22""},{""from"":""P23"",""to"":""P17""},{""from"":""P11"",""to"":""P13""},{""from"":""P17"",""to"":""P12""},{""from"":""P22"",""to"":""P17""},{""from"":""P12"",""to"":""P11""},{""from"":""P08"",""to"":""P06""},{""from"":""P11"",""to"":""P12""},{""from"":""P13"",""to"":""P14""},{""from"":""P12"",""to"":""P13""},{""from"":""P19"",""to"":""P25""},{""from"":""P13"",""to"":""P23""},{""from"":""P17"",""to"":""P18""},{""from"":""P23"",""to"":""P24""},{""from"":""P18"",""to"":""P23""},{""from"":""P24"",""to"":""P19""},{""from"":""P02"",""to"":""P17""},{""from"":""P19"",""to"":""P18""},{""from"":""P23"",""to"":""P19""},{""from"":""P18"",""to"":""P23""},{""from"":""P19"",""to"":""P18""},{""from"":""P23"",""to"":""P22""},{""from"":""P18"",""to"":""P23""}]",f128fd417a883364ab11435ac01a79740276e66106d7b6aca6a33aec048927f6,
selfplay-20260927-080451767,RANDOM_VS_ALPHA_BETA_TT,24,12,100037,RANDOM,ALPHA_BETA_TT,A,B,ALPHA_BETA_TT,LONE_PIECE_IMMOBILIZED,COMPLETED,20,767.6178999999975,457,10,1,0,0,"[{""from"":""P01"",""to"":""P02""},{""from"":""P25"",""to"":""P01""},{""from"":""P02"",""to"":""P03""},{""from"":""P10"",""to"":""P07""},{""from"":""P21"",""to"":""P25""},{""from"":""P01"",""to"":""P02""},{""from"":""P25"",""to"":""P23""},{""from"":""P07"",""to"":""P19""},{""from"":""P23"",""to"":""P22""},{""from"":""P11"",""to"":""P23""},{""from"":""P22"",""to"":""P12""},{""from"":""P16"",""to"":""P17""},{""from"":""P12"",""to"":""P14""},{""from"":""P15"",""to"":""P09""},{""from"":""P14"",""to"":""P15""},{""from"":""P09"",""to"":""P14""},{""from"":""P15"",""to"":""P10""},{""from"":""P17"",""to"":""P09""},{""from"":""P10"",""to"":""P15""},{""from"":""P05"",""to"":""P10""}]",467422ba9e7e5db7b29ccee5fd0f241088be166ce8e7712b735f40bbffcfa9d3,
selfplay-20260927-080451767,RANDOM_VS_ALPHA_BETA_TT,25,12,100037,ALPHA_BETA_TT,RANDOM,A,,,,MAX_PLIES_REACHED,60,1358.5213999999978,1332,30,1,0,0,"[{""from"":""P06"",""to"":""P08""},{""from"":""P05"",""to"":""P02""},{""from"":""P11"",""to"":""P03""},{""from"":""P10"",""to"":""P05""},{""from"":""P01"",""to"":""P13""},{""from"":""P25"",""to"":""P24""},{""from"":""P21"",""to"":""P23""},{""from"":""P20"",""to"":""P25""},{""from"":""P08"",""to"":""P09""},{""from"":""P24"",""to"":""P14""},{""from"":""P13"",""to"":""P19""},{""from"":""P15"",""to"":""P10""},{""from"":""P14"",""to"":""P15""},{""from"":""P25"",""to"":""P24""},{""from"":""P19"",""to"":""P25""},{""from"":""P05"",""to"":""P04""},{""from"":""P02"",""to"":""P12""},{""from"":""P10"",""to"":""P05""},{""from"":""P25"",""to"":""P01""},{""from"":""P05"",""to"":""P10""},{""from"":""P09"",""to"":""P05""},{""from"":""P04"",""to"":""P09""},{""from"":""P01"",""to"":""P13""},{""from"":""P03"",""to"":""P11""},{""from"":""P24"",""to"":""P19""},{""from"":""P15"",""to"":""P20""},{""from"":""P10"",""to"":""P15""},{""from"":""P11"",""to"":""P17""},{""from"":""P13"",""to"":""P08""},{""from"":""P09"",""to"":""P04""},{""from"":""P15"",""to"":""P03""},{""from"":""P17"",""to"":""P11""},{""from"":""P08"",""to"":""P06""},{""from"":""P20"",""to"":""P15""},{""from"":""P19"",""to"":""P14""},{""from"":""P15"",""to"":""P25""},{""from"":""P14"",""to"":""P19""},{""from"":""P25"",""to"":""P20""},{""from"":""P16"",""to"":""P21""},{""from"":""P11"",""to"":""P17""},{""from"":""P23"",""to"":""P18""},{""from"":""P20"",""to"":""P10""},{""from"":""P05"",""to"":""P09""},{""from"":""P10"",""to"":""P15""},{""from"":""P21"",""to"":""P23""},{""from"":""P15"",""to"":""P20""},{""from"":""P23"",""to"":""P21""},{""from"":""P20"",""to"":""P15""},{""from"":""P21"",""to"":""P23""},{""from"":""P15"",""to"":""P05""},{""from"":""P09"",""to"":""P10""},{""from"":""P17"",""to"":""P16""},{""from"":""P18"",""to"":""P17""},{""from"":""P16"",""to"":""P21""},{""from"":""P17"",""to"":""P16""},{""from"":""P05"",""to"":""P17""},{""from"":""P10"",""to"":""P05""},{""from"":""P17"",""to"":""P18""},{""from"":""P06"",""to"":""P09""},{""from"":""P18"",""to"":""P13""}]",b7127c3440b0e9d66823f73608639034a6dbad3606d626e3b66936b952a0c7de,
selfplay-20260927-080451767,MINIMAX_VS_ALPHA_BETA,0,0,200025,MINIMAX,ALPHA_BETA,A,,,,MAX_PLIES_REACHED,60,907.9656000000032,1802,60,1,0,0,"[{""from"":""P06"",""to"":""P08""},{""from"":""P15"",""to"":""P03""},{""from"":""P01"",""to"":""P19""},{""from"":""P05"",""to"":""P13""},{""from"":""P16"",""to"":""P18""},{""from"":""P20"",""to"":""P15""},{""from"":""P21"",""to"":""P23""},{""from"":""P15"",""to"":""P20""},{""from"":""P18"",""to"":""P17""},{""from"":""P08"",""to"":""P06""},{""from"":""P23"",""to"":""P22""},{""from"":""P25"",""to"":""P23""},{""from"":""P22"",""to"":""P21""},{""from"":""P23"",""to"":""P22""},{""from"":""P17"",""to"":""P23""},{""from"":""P13"",""to"":""P17""},{""from"":""P21"",""to"":""P16""},{""from"":""P20"",""to"":""P15""},{""from"":""P16"",""to"":""P21""},{""from"":""P06"",""to"":""P01""},{""from"":""P21"",""to"":""P16""},{""from"":""P03"",""to"":""P29""},{""from"":""P16"",""to"":""P21""},{""from"":""P19"",""to"":""P04""},{""from"":""P21"",""to"":""P16""},{""from"":""P15"",""to"":""P25""},{""from"":""P16"",""to"":""P21""},{""from"":""P04"",""to"":""P09""},{""from"":""P21"",""to"":""P16""},{""from"":""P10"",""to"":""P05""},{""from"":""P16"",""to"":""P21""},{""from"":""P29"",""to"":""P27""},{""from"":""P21"",""to"":""P16""},{""from"":""P27"",""to"":""P29""},{""from"":""P16"",""to"":""P21""},{""from"":""P29"",""to"":""P27""},{""from"":""P21"",""to"":""P16""},{""from"":""P27"",""to"":""P29""},{""from"":""P16"",""to"":""P21""},{""from"":""P29"",""to"":""P27""},{""from"":""P21"",""to"":""P16""},{""from"":""P27"",""to"":""P29""},{""from"":""P16"",""to"":""P21""},{""from"":""P29"",""to"":""P27""},{""from"":""P21"",""to"":""P16""},{""from"":""P27"",""to"":""P29""},{""from"":""P16"",""to"":""P21""},{""from"":""P29"",""to"":""P27""},{""from"":""P21"",""to"":""P16""},{""from"":""P27"",""to"":""P29""},{""from"":""P16"",""to"":""P21""},{""from"":""P29"",""to"":""P27""},{""from"":""P21"",""to"":""P16""},{""from"":""P27"",""to"":""P29""},{""from"":""P16"",""to"":""P21""},{""from"":""P29"",""to"":""P27""},{""from"":""P21"",""to"":""P16""},{""from"":""P27"",""to"":""P29""},{""from"":""P16"",""to"":""P21""},{""from"":""P29"",""to"":""P27""}]",d809df44300ade9a924f19cc254247cabbe848825d4f4de11e922c88e11f19d7,
selfplay-20260927-080451767,MINIMAX_VS_ALPHA_BETA,1,0,200025,ALPHA_BETA,MINIMAX,A,,,,MAX_PLIES_REACHED,60,916.1048999999985,1802,60,1,0,0,"[{""from"":""P06"",""to"":""P08""},{""from"":""P15"",""to"":""P03""},{""from"":""P01"",""to"":""P19""},{""from"":""P05"",""to"":""P13""},{""from"":""P16"",""to"":""P18""},{""from"":""P20"",""to"":""P15""},{""from"":""P21"",""to"":""P23""},{""from"":""P15"",""to"":""P20""},{""from"":""P18"",""to"":""P17""},{""from"":""P08"",""to"":""P06""},{""from"":""P23"",""to"":""P22""},{""from"":""P25"",""to"":""P23""},{""from"":""P22"",""to"":""P21""},{""from"":""P23"",""to"":""P22""},{""from"":""P17"",""to"":""P23""},{""from"":""P13"",""to"":""P17""},{""from"":""P21"",""to"":""P16""},{""from"":""P20"",""to"":""P15""},{""from"":""P16"",""to"":""P21""},{""from"":""P06"",""to"":""P01""},{""from"":""P21"",""to"":""P16""},{""from"":""P03"",""to"":""P29""},{""from"":""P16"",""to"":""P21""},{""from"":""P19"",""to"":""P04""},{""from"":""P21"",""to"":""P16""},{""from"":""P15"",""to"":""P25""},{""from"":""P16"",""to"":""P21""},{""from"":""P04"",""to"":""P09""},{""from"":""P21"",""to"":""P16""},{""from"":""P10"",""to"":""P05""},{""from"":""P16"",""to"":""P21""},{""from"":""P29"",""to"":""P27""},{""from"":""P21"",""to"":""P16""},{""from"":""P27"",""to"":""P29""},{""from"":""P16"",""to"":""P21""},{""from"":""P29"",""to"":""P27""},{""from"":""P21"",""to"":""P16""},{""from"":""P27"",""to"":""P29""},{""from"":""P16"",""to"":""P21""},{""from"":""P29"",""to"":""P27""},{""from"":""P21"",""to"":""P16""},{""from"":""P27"",""to"":""P29""},{""from"":""P16"",""to"":""P21""},{""from"":""P29"",""to"":""P27""},{""from"":""P21"",""to"":""P16""},{""from"":""P27"",""to"":""P29""},{""from"":""P16"",""to"":""P21""},{""from"":""P29"",""to"":""P27""},{""from"":""P21"",""to"":""P16""},{""from"":""P27"",""to"":""P29""},{""from"":""P16"",""to"":""P21""},{""from"":""P29"",""to"":""P27""},{""from"":""P21"",""to"":""P16""},{""from"":""P27"",""to"":""P29""},{""from"":""P16"",""to"":""P21""},{""from"":""P29"",""to"":""P27""},{""from"":""P21"",""to"":""P16""},{""from"":""P27"",""to"":""P29""},{""from"":""P16"",""to"":""P21""},{""from"":""P29"",""to"":""P27""}]",d809df44300ade9a924f19cc254247cabbe848825d4f4de11e922c88e11f19d7,
selfplay-20260927-080451767,MINIMAX_VS_ALPHA_BETA,2,1,200026,MINIMAX,ALPHA_BETA,A,,,,MAX_PLIES_REACHED,60,926.5006999999969,1802,60,1,0,0,"[{""from"":""P06"",""to"":""P08""},{""from"":""P15"",""to"":""P03""},{""from"":""P01"",""to"":""P19""},{""from"":""P05"",""to"":""P13""},{""from"":""P16"",""to"":""P18""},{""from"":""P20"",""to"":""P15""},{""from"":""P21"",""to"":""P23""},{""from"":""P15"",""to"":""P20""},{""from"":""P18"",""to"":""P17""},{""from"":""P08"",""to"":""P06""},{""from"":""P23"",""to"":""P22""},{""from"":""P25"",""to"":""P23""},{""from"":""P22"",""to"":""P21""},{""from"":""P23"",""to"":""P22""},{""from"":""P17"",""to"":""P23""},{""from"":""P13"",""to"":""P17""},{""from"":""P21"",""to"":""P16""},{""from"":""P20"",""to"":""P15""},{""from"":""P16"",""to"":""P21""},{""from"":""P06"",""to"":""P01""},{""from"":""P21"",""to"":""P16""},{""from"":""P03"",""to"":""P29""},{""from"":""P16"",""to"":""P21""},{""from"":""P19"",""to"":""P04""},{""from"":""P21"",""to"":""P16""},{""from"":""P15"",""to"":""P25""},{""from"":""P16"",""to"":""P21""},{""from"":""P04"",""to"":""P09""},{""from"":""P21"",""to"":""P16""},{""from"":""P10"",""to"":""P05""},{""from"":""P16"",""to"":""P21""},{""from"":""P29"",""to"":""P27""},{""from"":""P21"",""to"":""P16""},{""from"":""P27"",""to"":""P29""},{""from"":""P16"",""to"":""P21""},{""from"":""P29"",""to"":""P27""},{""from"":""P21"",""to"":""P16""},{""from"":""P27"",""to"":""P29""},{""from"":""P16"",""to"":""P21""},{""from"":""P29"",""to"":""P27""},{""from"":""P21"",""to"":""P16""},{""from"":""P27"",""to"":""P29""},{""from"":""P16"",""to"":""P21""},{""from"":""P29"",""to"":""P27""},{""from"":""P21"",""to"":""P16""},{""from"":""P27"",""to"":""P29""},{""from"":""P16"",""to"":""P21""},{""from"":""P29"",""to"":""P27""},{""from"":""P21"",""to"":""P16""},{""from"":""P27"",""to"":""P29""},{""from"":""P16"",""to"":""P21""},{""from"":""P29"",""to"":""P27""},{""from"":""P21"",""to"":""P16""},{""from"":""P27"",""to"":""P29""},{""from"":""P16"",""to"":""P21""},{""from"":""P29"",""to"":""P27""},{""from"":""P21"",""to"":""P16""},{""from"":""P27"",""to"":""P29""},{""from"":""P16"",""to"":""P21""},{""from"":""P29"",""to"":""P27""}]",d809df44300ade9a924f19cc254247cabbe848825d4f4de11e922c88e11f19d7,
selfplay-20260927-080451767,MINIMAX_VS_ALPHA_BETA,3,1,200026,ALPHA_BETA,MINIMAX,A,,,,MAX_PLIES_REACHED,60,906.4715999999971,1802,60,1,0,0,"[{""from"":""P06"",""to"":""P08""},{""from"":""P15"",""to"":""P03""},{""from"":""P01"",""to"":""P19""},{""from"":""P05"",""to"":""P13""},{""from"":""P16"",""to"":""P18""},{""from"":""P20"",""to"":""P15""},{""from"":""P21"",""to"":""P23""},{""from"":""P15"",""to"":""P20""},{""from"":""P18"",""to"":""P17""},{""from"":""P08"",""to"":""P06""},{""from"":""P23"",""to"":""P22""},{""from"":""P25"",""to"":""P23""},{""from"":""P22"",""to"":""P21""},{""from"":""P23"",""to"":""P22""},{""from"":""P17"",""to"":""P23""},{""from"":""P13"",""to"":""P17""},{""from"":""P21"",""to"":""P16""},{""from"":""P20"",""to"":""P15""},{""from"":""P16"",""to"":""P21""},{""from"":""P06"",""to"":""P01""},{""from"":""P21"",""to"":""P16""},{""from"":""P03"",""to"":""P29""},{""from"":""P16"",""to"":""P21""},{""from"":""P19"",""to"":""P04""},{""from"":""P21"",""to"":""P16""},{""from"":""P15"",""to"":""P25""},{""from"":""P16"",""to"":""P21""},{""from"":""P04"",""to"":""P09""},{""from"":""P21"",""to"":""P16""},{""from"":""P10"",""to"":""P05""},{""from"":""P16"",""to"":""P21""},{""from"":""P29"",""to"":""P27""},{""from"":""P21"",""to"":""P16""},{""from"":""P27"",""to"":""P29""},{""from"":""P16"",""to"":""P21""},{""from"":""P29"",""to"":""P27""},{""from"":""P21"",""to"":""P16""},{""from"":""P27"",""to"":""P29""},{""from"":""P16"",""to"":""P21""},{""from"":""P29"",""to"":""P27""},{""from"":""P21"",""to"":""P16""},{""from"":""P27"",""to"":""P29""},{""from"":""P16"",""to"":""P21""},{""from"":""P29"",""to"":""P27""},{""from"":""P21"",""to"":""P16""},{""from"":""P27"",""to"":""P29""},{""from"":""P16"",""to"":""P21""},{""from"":""P29"",""to"":""P27""},{""from"":""P21"",""to"":""P16""},{""from"":""P27"",""to"":""P29""},{""from"":""P16"",""to"":""P21""},{""from"":""P29"",""to"":""P27""},{""from"":""P21"",""to"":""P16""},{""from"":""P27"",""to"":""P29""},{""from"":""P16"",""to"":""P21""},{""from"":""P29"",""to"":""P27""},{""from"":""P21"",""to"":""P16""},{""from"":""P27"",""to"":""P29""},{""from"":""P16"",""to"":""P21""},{""from"":""P29"",""to"":""P27""}]",d809df44300ade9a924f19cc254247cabbe848825d4f4de11e922c88e11f19d7,
selfplay-20260927-080451767,MINIMAX_VS_ALPHA_BETA,4,2,200027,MINIMAX,ALPHA_BETA,A,,,,MAX_PLIES_REACHED,60,906.2523000000001,1802,60,1,0,0,"[{""from"":""P06"",""to"":""P08""},{""from"":""P15"",""to"":""P03""},{""from"":""P01"",""to"":""P19""},{""from"":""P05"",""to"":""P13""},{""from"":""P16"",""to"":""P18""},{""from"":""P20"",""to"":""P15""},{""from"":""P21"",""to"":""P23""},{""from"":""P15"",""to"":""P20""},{""from"":""P18"",""to"":""P17""},{""from"":""P08"",""to"":""P06""},{""from"":""P23"",""to"":""P22""},{""from"":""P25"",""to"":""P23""},{""from"":""P22"",""to"":""P21""},{""from"":""P23"",""to"":""P22""},{""from"":""P17"",""to"":""P23""},{""from"":""P13"",""to"":""P17""},{""from"":""P21"",""to"":""P16""},{""from"":""P20"",""to"":""P15""},{""from"":""P16"",""to"":""P21""},{""from"":""P06"",""to"":""P01""},{""from"":""P21"",""to"":""P16""},{""from"":""P03"",""to"":""P29""},{""from"":""P16"",""to"":""P21""},{""from"":""P19"",""to"":""P04""},{""from"":""P21"",""to"":""P16""},{""from"":""P15"",""to"":""P25""},{""from"":""P16"",""to"":""P21""},{""from"":""P04"",""to"":""P09""},{""from"":""P21"",""to"":""P16""},{""from"":""P10"",""to"":""P05""},{""from"":""P16"",""to"":""P21""},{""from"":""P29"",""to"":""P27""},{""from"":""P21"",""to"":""P16""},{""from"":""P27"",""to"":""P29""},{""from"":""P16"",""to"":""P21""},{""from"":""P29"",""to"":""P27""},{""from"":""P21"",""to"":""P16""},{""from"":""P27"",""to"":""P29""},{""from"":""P16"",""to"":""P21""},{""from"":""P29"",""to"":""P27""},{""from"":""P21"",""to"":""P16""},{""from"":""P27"",""to"":""P29""},{""from"":""P16"",""to"":""P21""},{""from"":""P29"",""to"":""P27""},{""from"":""P21"",""to"":""P16""},{""from"":""P27"",""to"":""P29""},{""from"":""P16"",""to"":""P21""},{""from"":""P29"",""to"":""P27""},{""from"":""P21"",""to"":""P16""},{""from"":""P27"",""to"":""P29""},{""from"":""P16"",""to"":""P21""},{""from"":""P29"",""to"":""P27""},{""from"":""P21"",""to"":""P16""},{""from"":""P27"",""to"":""P29""},{""from"":""P16"",""to"":""P21""},{""from"":""P29"",""to"":""P27""},{""from"":""P21"",""to"":""P16""},{""from"":""P27"",""to"":""P29""},{""from"":""P16"",""to"":""P21""},{""from"":""P29"",""to"":""P27""}]",d809df44300ade9a924f19cc254247cabbe848825d4f4de11e922c88e11f19d7,
selfplay-20260927-080451767,MINIMAX_VS_ALPHA_BETA,5,2,200027,ALPHA_BETA,MINIMAX,A,,,,MAX_PLIES_REACHED,60,914.3689999999988,1802,60,1,0,0,"[{""from"":""P06"",""to"":""P08""},{""from"":""P15"",""to"":""P03""},{""from"":""P01"",""to"":""P19""},{""from"":""P05"",""to"":""P13""},{""from"":""P16"",""to"":""P18""},{""from"":""P20"",""to"":""P15""},{""from"":""P21"",""to"":""P23""},{""from"":""P15"",""to"":""P20""},{""from"":""P18"",""to"":""P17""},{""from"":""P08"",""to"":""P06""},{""from"":""P23"",""to"":""P22""},{""from"":""P25"",""to"":""P23""},{""from"":""P22"",""to"":""P21""},{""from"":""P23"",""to"":""P22""},{""from"":""P17"",""to"":""P23""},{""from"":""P13"",""to"":""P17""},{""from"":""P21"",""to"":""P16""},{""from"":""P20"",""to"":""P15""},{""from"":""P16"",""to"":""P21""},{""from"":""P06"",""to"":""P01""},{""from"":""P21"",""to"":""P16""},{""from"":""P03"",""to"":""P29""},{""from"":""P16"",""to"":""P21""},{""from"":""P19"",""to"":""P04""},{""from"":""P21"",""to"":""P16""},{""from"":""P15"",""to"":""P25""},{""from"":""P16"",""to"":""P21""},{""from"":""P04"",""to"":""P09""},{""from"":""P21"",""to"":""P16""},{""from"":""P10"",""to"":""P05""},{""from"":""P16"",""to"":""P21""},{""from"":""P29"",""to"":""P27""},{""from"":""P21"",""to"":""P16""},{""from"":""P27"",""to"":""P29""},{""from"":""P16"",""to"":""P21""},{""from"":""P29"",""to"":""P27""},{""from"":""P21"",""to"":""P16""},{""from"":""P27"",""to"":""P29""},{""from"":""P16"",""to"":""P21""},{""from"":""P29"",""to"":""P27""},{""from"":""P21"",""to"":""P16""},{""from"":""P27"",""to"":""P29""},{""from"":""P16"",""to"":""P21""},{""from"":""P29"",""to"":""P27""},{""from"":""P21"",""to"":""P16""},{""from"":""P27"",""to"":""P29""},{""from"":""P16"",""to"":""P21""},{""from"":""P29"",""to"":""P27""},{""from"":""P21"",""to"":""P16""},{""from"":""P27"",""to"":""P29""},{""from"":""P16"",""to"":""P21""},{""from"":""P29"",""to"":""P27""},{""from"":""P21"",""to"":""P16""},{""from"":""P27"",""to"":""P29""},{""from"":""P16"",""to"":""P21""},{""from"":""P29"",""to"":""P27""},{""from"":""P21"",""to"":""P16""},{""from"":""P27"",""to"":""P29""},{""from"":""P16"",""to"":""P21""},{""from"":""P29"",""to"":""P27""}]",d809df44300ade9a924f19cc254247cabbe848825d4f4de11e922c88e11f19d7,
selfplay-20260927-080451767,MINIMAX_VS_ALPHA_BETA,6,3,200028,MINIMAX,ALPHA_BETA,A,,,,MAX_PLIES_REACHED,60,900.0760000000009,1802,60,1,0,0,"[{""from"":""P06"",""to"":""P08""},{""from"":""P15"",""to"":""P03""},{""from"":""P01"",""to"":""P19""},{""from"":""P05"",""to"":""P13""},{""from"":""P16"",""to"":""P18""},{""from"":""P20"",""to"":""P15""},{""from"":""P21"",""to"":""P23""},{""from"":""P15"",""to"":""P20""},{""from"":""P18"",""to"":""P17""},{""from"":""P08"",""to"":""P06""},{""from"":""P23"",""to"":""P22""},{""from"":""P25"",""to"":""P23""},{""from"":""P22"",""to"":""P21""},{""from"":""P23"",""to"":""P22""},{""from"":""P17"",""to"":""P23""},{""from"":""P13"",""to"":""P17""},{""from"":""P21"",""to"":""P16""},{""from"":""P20"",""to"":""P15""},{""from"":""P16"",""to"":""P21""},{""from"":""P06"",""to"":""P01""},{""from"":""P21"",""to"":""P16""},{""from"":""P03"",""to"":""P29""},{""from"":""P16"",""to"":""P21""},{""from"":""P19"",""to"":""P04""},{""from"":""P21"",""to"":""P16""},{""from"":""P15"",""to"":""P25""},{""from"":""P16"",""to"":""P21""},{""from"":""P04"",""to"":""P09""},{""from"":""P21"",""to"":""P16""},{""from"":""P10"",""to"":""P05""},{""from"":""P16"",""to"":""P21""},{""from"":""P29"",""to"":""P27""},{""from"":""P21"",""to"":""P16""},{""from"":""P27"",""to"":""P29""},{""from"":""P16"",""to"":""P21""},{""from"":""P29"",""to"":""P27""},{""from"":""P21"",""to"":""P16""},{""from"":""P27"",""to"":""P29""},{""from"":""P16"",""to"":""P21""},{""from"":""P29"",""to"":""P27""},{""from"":""P21"",""to"":""P16""},{""from"":""P27"",""to"":""P29""},{""from"":""P16"",""to"":""P21""},{""from"":""P29"",""to"":""P27""},{""from"":""P21"",""to"":""P16""},{""from"":""P27"",""to"":""P29""},{""from"":""P16"",""to"":""P21""},{""from"":""P29"",""to"":""P27""},{""from"":""P21"",""to"":""P16""},{""from"":""P27"",""to"":""P29""},{""from"":""P16"",""to"":""P21""},{""from"":""P29"",""to"":""P27""},{""from"":""P21"",""to"":""P16""},{""from"":""P27"",""to"":""P29""},{""from"":""P16"",""to"":""P21""},{""from"":""P29"",""to"":""P27""},{""from"":""P21"",""to"":""P16""},{""from"":""P27"",""to"":""P29""},{""from"":""P16"",""to"":""P21""},{""from"":""P29"",""to"":""P27""}]",d809df44300ade9a924f19cc254247cabbe848825d4f4de11e922c88e11f19d7,
selfplay-20260927-080451767,MINIMAX_VS_ALPHA_BETA,7,3,200028,ALPHA_BETA,MINIMAX,A,,,,MAX_PLIES_REACHED,60,928.2488000000012,1802,60,1,0,0,"[{""from"":""P06"",""to"":""P08""},{""from"":""P15"",""to"":""P03""},{""from"":""P01"",""to"":""P19""},{""from"":""P05"",""to"":""P13""},{""from"":""P16"",""to"":""P18""},{""from"":""P20"",""to"":""P15""},{""from"":""P21"",""to"":""P23""},{""from"":""P15"",""to"":""P20""},{""from"":""P18"",""to"":""P17""},{""from"":""P08"",""to"":""P06""},{""from"":""P23"",""to"":""P22""},{""from"":""P25"",""to"":""P23""},{""from"":""P22"",""to"":""P21""},{""from"":""P23"",""to"":""P22""},{""from"":""P17"",""to"":""P23""},{""from"":""P13"",""to"":""P17""},{""from"":""P21"",""to"":""P16""},{""from"":""P20"",""to"":""P15""},{""from"":""P16"",""to"":""P21""},{""from"":""P06"",""to"":""P01""},{""from"":""P21"",""to"":""P16""},{""from"":""P03"",""to"":""P29""},{""from"":""P16"",""to"":""P21""},{""from"":""P19"",""to"":""P04""},{""from"":""P21"",""to"":""P16""},{""from"":""P15"",""to"":""P25""},{""from"":""P16"",""to"":""P21""},{""from"":""P04"",""to"":""P09""},{""from"":""P21"",""to"":""P16""},{""from"":""P10"",""to"":""P05""},{""from"":""P16"",""to"":""P21""},{""from"":""P29"",""to"":""P27""},{""from"":""P21"",""to"":""P16""},{""from"":""P27"",""to"":""P29""},{""from"":""P16"",""to"":""P21""},{""from"":""P29"",""to"":""P27""},{""from"":""P21"",""to"":""P16""},{""from"":""P27"",""to"":""P29""},{""from"":""P16"",""to"":""P21""},{""from"":""P29"",""to"":""P27""},{""from"":""P21"",""to"":""P16""},{""from"":""P27"",""to"":""P29""},{""from"":""P16"",""to"":""P21""},{""from"":""P29"",""to"":""P27""},{""from"":""P21"",""to"":""P16""},{""from"":""P27"",""to"":""P29""},{""from"":""P16"",""to"":""P21""},{""from"":""P29"",""to"":""P27""},{""from"":""P21"",""to"":""P16""},{""from"":""P27"",""to"":""P29""},{""from"":""P16"",""to"":""P21""},{""from"":""P29"",""to"":""P27""},{""from"":""P21"",""to"":""P16""},{""from"":""P27"",""to"":""P29""},{""from"":""P16"",""to"":""P21""},{""from"":""P29"",""to"":""P27""},{""from"":""P21"",""to"":""P16""},{""from"":""P27"",""to"":""P29""},{""from"":""P16"",""to"":""P21""},{""from"":""P29"",""to"":""P27""}]",d809df44300ade9a924f19cc254247cabbe848825d4f4de11e922c88e11f19d7,
selfplay-20260927-080451767,MINIMAX_VS_ALPHA_BETA,8,4,200029,MINIMAX,ALPHA_BETA,A,,,,MAX_PLIES_REACHED,60,902.8012000000017,1802,60,1,0,0,"[{""from"":""P06"",""to"":""P08""},{""from"":""P15"",""to"":""P03""},{""from"":""P01"",""to"":""P19""},{""from"":""P05"",""to"":""P13""},{""from"":""P16"",""to"":""P18""},{""from"":""P20"",""to"":""P15""},{""from"":""P21"",""to"":""P23""},{""from"":""P15"",""to"":""P20""},{""from"":""P18"",""to"":""P17""},{""from"":""P08"",""to"":""P06""},{""from"":""P23"",""to"":""P22""},{""from"":""P25"",""to"":""P23""},{""from"":""P22"",""to"":""P21""},{""from"":""P23"",""to"":""P22""},{""from"":""P17"",""to"":""P23""},{""from"":""P13"",""to"":""P17""},{""from"":""P21"",""to"":""P16""},{""from"":""P20"",""to"":""P15""},{""from"":""P16"",""to"":""P21""},{""from"":""P06"",""to"":""P01""},{""from"":""P21"",""to"":""P16""},{""from"":""P03"",""to"":""P29""},{""from"":""P16"",""to"":""P21""},{""from"":""P19"",""to"":""P04""},{""from"":""P21"",""to"":""P16""},{""from"":""P15"",""to"":""P25""},{""from"":""P16"",""to"":""P21""},{""from"":""P04"",""to"":""P09""},{""from"":""P21"",""to"":""P16""},{""from"":""P10"",""to"":""P05""},{""from"":""P16"",""to"":""P21""},{""from"":""P29"",""to"":""P27""},{""from"":""P21"",""to"":""P16""},{""from"":""P27"",""to"":""P29""},{""from"":""P16"",""to"":""P21""},{""from"":""P29"",""to"":""P27""},{""from"":""P21"",""to"":""P16""},{""from"":""P27"",""to"":""P29""},{""from"":""P16"",""to"":""P21""},{""from"":""P29"",""to"":""P27""},{""from"":""P21"",""to"":""P16""},{""from"":""P27"",""to"":""P29""},{""from"":""P16"",""to"":""P21""},{""from"":""P29"",""to"":""P27""},{""from"":""P21"",""to"":""P16""},{""from"":""P27"",""to"":""P29""},{""from"":""P16"",""to"":""P21""},{""from"":""P29"",""to"":""P27""},{""from"":""P21"",""to"":""P16""},{""from"":""P27"",""to"":""P29""},{""from"":""P16"",""to"":""P21""},{""from"":""P29"",""to"":""P27""},{""from"":""P21"",""to"":""P16""},{""from"":""P27"",""to"":""P29""},{""from"":""P16"",""to"":""P21""},{""from"":""P29"",""to"":""P27""},{""from"":""P21"",""to"":""P16""},{""from"":""P27"",""to"":""P29""},{""from"":""P16"",""to"":""P21""},{""from"":""P29"",""to"":""P27""}]",d809df44300ade9a924f19cc254247cabbe848825d4f4de11e922c88e11f19d7,
selfplay-20260927-080451767,MINIMAX_VS_ALPHA_BETA,9,4,200029,ALPHA_BETA,MINIMAX,A,,,,MAX_PLIES_REACHED,60,894.5388999999996,1802,60,1,0,0,"[{""from"":""P06"",""to"":""P08""},{""from"":""P15"",""to"":""P03""},{""from"":""P01"",""to"":""P19""},{""from"":""P05"",""to"":""P13""},{""from"":""P16"",""to"":""P18""},{""from"":""P20"",""to"":""P15""},{""from"":""P21"",""to"":""P23""},{""from"":""P15"",""to"":""P20""},{""from"":""P18"",""to"":""P17""},{""from"":""P08"",""to"":""P06""},{""from"":""P23"",""to"":""P22""},{""from"":""P25"",""to"":""P23""},{""from"":""P22"",""to"":""P21""},{""from"":""P23"",""to"":""P22""},{""from"":""P17"",""to"":""P23""},{""from"":""P13"",""to"":""P17""},{""from"":""P21"",""to"":""P16""},{""from"":""P20"",""to"":""P15""},{""from"":""P16"",""to"":""P21""},{""from"":""P06"",""to"":""P01""},{""from"":""P21"",""to"":""P16""},{""from"":""P03"",""to"":""P29""},{""from"":""P16"",""to"":""P21""},{""from"":""P19"",""to"":""P04""},{""from"":""P21"",""to"":""P16""},{""from"":""P15"",""to"":""P25""},{""from"":""P16"",""to"":""P21""},{""from"":""P04"",""to"":""P09""},{""from"":""P21"",""to"":""P16""},{""from"":""P10"",""to"":""P05""},{""from"":""P16"",""to"":""P21""},{""from"":""P29"",""to"":""P27""},{""from"":""P21"",""to"":""P16""},{""from"":""P27"",""to"":""P29""},{""from"":""P16"",""to"":""P21""},{""from"":""P29"",""to"":""P27""},{""from"":""P21"",""to"":""P16""},{""from"":""P27"",""to"":""P29""},{""from"":""P16"",""to"":""P21""},{""from"":""P29"",""to"":""P27""},{""from"":""P21"",""to"":""P16""},{""from"":""P27"",""to"":""P29""},{""from"":""P16"",""to"":""P21""},{""from"":""P29"",""to"":""P27""},{""from"":""P21"",""to"":""P16""},{""from"":""P27"",""to"":""P29""},{""from"":""P16"",""to"":""P21""},{""from"":""P29"",""to"":""P27""},{""from"":""P21"",""to"":""P16""},{""from"":""P27"",""to"":""P29""},{""from"":""P16"",""to"":""P21""},{""from"":""P29"",""to"":""P27""},{""from"":""P21"",""to"":""P16""},{""from"":""P27"",""to"":""P29""},{""from"":""P16"",""to"":""P21""},{""from"":""P29"",""to"":""P27""},{""from"":""P21"",""to"":""P16""},{""from"":""P27"",""to"":""P29""},{""from"":""P16"",""to"":""P21""},{""from"":""P29"",""to"":""P27""}]",d809df44300ade9a924f19cc254247cabbe848825d4f4de11e922c88e11f19d7,
selfplay-20260927-080451767,MINIMAX_VS_ALPHA_BETA,10,5,200030,MINIMAX,ALPHA_BETA,A,,,,MAX_PLIES_REACHED,60,927.6250999999975,1802,60,1,0,0,"[{""from"":""P06"",""to"":""P08""},{""from"":""P15"",""to"":""P03""},{""from"":""P01"",""to"":""P19""},{""from"":""P05"",""to"":""P13""},{""from"":""P16"",""to"":""P18""},{""from"":""P20"",""to"":""P15""},{""from"":""P21"",""to"":""P23""},{""from"":""P15"",""to"":""P20""},{""from"":""P18"",""to"":""P17""},{""from"":""P08"",""to"":""P06""},{""from"":""P23"",""to"":""P22""},{""from"":""P25"",""to"":""P23""},{""from"":""P22"",""to"":""P21""},{""from"":""P23"",""to"":""P22""},{""from"":""P17"",""to"":""P23""},{""from"":""P13"",""to"":""P17""},{""from"":""P21"",""to"":""P16""},{""from"":""P20"",""to"":""P15""},{""from"":""P16"",""to"":""P21""},{""from"":""P06"",""to"":""P01""},{""from"":""P21"",""to"":""P16""},{""from"":""P03"",""to"":""P29""},{""from"":""P16"",""to"":""P21""},{""from"":""P19"",""to"":""P04""},{""from"":""P21"",""to"":""P16""},{""from"":""P15"",""to"":""P25""},{""from"":""P16"",""to"":""P21""},{""from"":""P04"",""to"":""P09""},{""from"":""P21"",""to"":""P16""},{""from"":""P10"",""to"":""P05""},{""from"":""P16"",""to"":""P21""},{""from"":""P29"",""to"":""P27""},{""from"":""P21"",""to"":""P16""},{""from"":""P27"",""to"":""P29""},{""from"":""P16"",""to"":""P21""},{""from"":""P29"",""to"":""P27""},{""from"":""P21"",""to"":""P16""},{""from"":""P27"",""to"":""P29""},{""from"":""P16"",""to"":""P21""},{""from"":""P29"",""to"":""P27""},{""from"":""P21"",""to"":""P16""},{""from"":""P27"",""to"":""P29""},{""from"":""P16"",""to"":""P21""},{""from"":""P29"",""to"":""P27""},{""from"":""P21"",""to"":""P16""},{""from"":""P27"",""to"":""P29""},{""from"":""P16"",""to"":""P21""},{""from"":""P29"",""to"":""P27""},{""from"":""P21"",""to"":""P16""},{""from"":""P27"",""to"":""P29""},{""from"":""P16"",""to"":""P21""},{""from"":""P29"",""to"":""P27""},{""from"":""P21"",""to"":""P16""},{""from"":""P27"",""to"":""P29""},{""from"":""P16"",""to"":""P21""},{""from"":""P29"",""to"":""P27""},{""from"":""P21"",""to"":""P16""},{""from"":""P27"",""to"":""P29""},{""from"":""P16"",""to"":""P21""},{""from"":""P29"",""to"":""P27""}]",d809df44300ade9a924f19cc254247cabbe848825d4f4de11e922c88e11f19d7,
selfplay-20260927-080451767,MINIMAX_VS_ALPHA_BETA,11,5,200030,ALPHA_BETA,MINIMAX,A,,,,MAX_PLIES_REACHED,60,924.8055999999997,1802,60,1,0,0,"[{""from"":""P06"",""to"":""P08""},{""from"":""P15"",""to"":""P03""},{""from"":""P01"",""to"":""P19""},{""from"":""P05"",""to"":""P13""},{""from"":""P16"",""to"":""P18""},{""from"":""P20"",""to"":""P15""},{""from"":""P21"",""to"":""P23""},{""from"":""P15"",""to"":""P20""},{""from"":""P18"",""to"":""P17""},{""from"":""P08"",""to"":""P06""},{""from"":""P23"",""to"":""P22""},{""from"":""P25"",""to"":""P23""},{""from"":""P22"",""to"":""P21""},{""from"":""P23"",""to"":""P22""},{""from"":""P17"",""to"":""P23""},{""from"":""P13"",""to"":""P17""},{""from"":""P21"",""to"":""P16""},{""from"":""P20"",""to"":""P15""},{""from"":""P16"",""to"":""P21""},{""from"":""P06"",""to"":""P01""},{""from"":""P21"",""to"":""P16""},{""from"":""P03"",""to"":""P29""},{""from"":""P16"",""to"":""P21""},{""from"":""P19"",""to"":""P04""},{""from"":""P21"",""to"":""P16""},{""from"":""P15"",""to"":""P25""},{""from"":""P16"",""to"":""P21""},{""from"":""P04"",""to"":""P09""},{""from"":""P21"",""to"":""P16""},{""from"":""P10"",""to"":""P05""},{""from"":""P16"",""to"":""P21""},{""from"":""P29"",""to"":""P27""},{""from"":""P21"",""to"":""P16""},{""from"":""P27"",""to"":""P29""},{""from"":""P16"",""to"":""P21""},{""from"":""P29"",""to"":""P27""},{""from"":""P21"",""to"":""P16""},{""from"":""P27"",""to"":""P29""},{""from"":""P16"",""to"":""P21""},{""from"":""P29"",""to"":""P27""},{""from"":""P21"",""to"":""P16""},{""from"":""P27"",""to"":""P29""},{""from"":""P16"",""to"":""P21""},{""from"":""P29"",""to"":""P27""},{""from"":""P21"",""to"":""P16""},{""from"":""P27"",""to"":""P29""},{""from"":""P16"",""to"":""P21""},{""from"":""P29"",""to"":""P27""},{""from"":""P21"",""to"":""P16""},{""from"":""P27"",""to"":""P29""},{""from"":""P16"",""to"":""P21""},{""from"":""P29"",""to"":""P27""},{""from"":""P21"",""to"":""P16""},{""from"":""P27"",""to"":""P29""},{""from"":""P16"",""to"":""P21""},{""from"":""P29"",""to"":""P27""},{""from"":""P21"",""to"":""P16""},{""from"":""P27"",""to"":""P29""},{""from"":""P16"",""to"":""P21""},{""from"":""P29"",""to"":""P27""}]",d809df44300ade9a924f19cc254247cabbe848825d4f4de11e922c88e11f19d7,
selfplay-20260927-080451767,MINIMAX_VS_ALPHA_BETA,12,6,200031,MINIMAX,ALPHA_BETA,A,,,,MAX_PLIES_REACHED,60,914.4200000000055,1802,60,1,0,0,"[{""from"":""P06"",""to"":""P08""},{""from"":""P15"",""to"":""P03""},{""from"":""P01"",""to"":""P19""},{""from"":""P05"",""to"":""P13""},{""from"":""P16"",""to"":""P18""},{""from"":""P20"",""to"":""P15""},{""from"":""P21"",""to"":""P23""},{""from"":""P15"",""to"":""P20""},{""from"":""P18"",""to"":""P17""},{""from"":""P08"",""to"":""P06""},{""from"":""P23"",""to"":""P22""},{""from"":""P25"",""to"":""P23""},{""from"":""P22"",""to"":""P21""},{""from"":""P23"",""to"":""P22""},{""from"":""P17"",""to"":""P23""},{""from"":""P13"",""to"":""P17""},{""from"":""P21"",""to"":""P16""},{""from"":""P20"",""to"":""P15""},{""from"":""P16"",""to"":""P21""},{""from"":""P06"",""to"":""P01""},{""from"":""P21"",""to"":""P16""},{""from"":""P03"",""to"":""P29""},{""from"":""P16"",""to"":""P21""},{""from"":""P19"",""to"":""P04""},{""from"":""P21"",""to"":""P16""},{""from"":""P15"",""to"":""P25""},{""from"":""P16"",""to"":""P21""},{""from"":""P04"",""to"":""P09""},{""from"":""P21"",""to"":""P16""},{""from"":""P10"",""to"":""P05""},{""from"":""P16"",""to"":""P21""},{""from"":""P29"",""to"":""P27""},{""from"":""P21"",""to"":""P16""},{""from"":""P27"",""to"":""P29""},{""from"":""P16"",""to"":""P21""},{""from"":""P29"",""to"":""P27""},{""from"":""P21"",""to"":""P16""},{""from"":""P27"",""to"":""P29""},{""from"":""P16"",""to"":""P21""},{""from"":""P29"",""to"":""P27""},{""from"":""P21"",""to"":""P16""},{""from"":""P27"",""to"":""P29""},{""from"":""P16"",""to"":""P21""},{""from"":""P29"",""to"":""P27""},{""from"":""P21"",""to"":""P16""},{""from"":""P27"",""to"":""P29""},{""from"":""P16"",""to"":""P21""},{""from"":""P29"",""to"":""P27""},{""from"":""P21"",""to"":""P16""},{""from"":""P27"",""to"":""P29""},{""from"":""P16"",""to"":""P21""},{""from"":""P29"",""to"":""P27""},{""from"":""P21"",""to"":""P16""},{""from"":""P27"",""to"":""P29""},{""from"":""P16"",""to"":""P21""},{""from"":""P29"",""to"":""P27""},{""from"":""P21"",""to"":""P16""},{""from"":""P27"",""to"":""P29""},{""from"":""P16"",""to"":""P21""},{""from"":""P29"",""to"":""P27""}]",d809df44300ade9a924f19cc254247cabbe848825d4f4de11e922c88e11f19d7,
selfplay-20260927-080451767,MINIMAX_VS_ALPHA_BETA,13,6,200031,ALPHA_BETA,MINIMAX,A,,,,MAX_PLIES_REACHED,60,885.329700000002,1802,60,1,0,0,"[{""from"":""P06"",""to"":""P08""},{""from"":""P15"",""to"":""P03""},{""from"":""P01"",""to"":""P19""},{""from"":""P05"",""to"":""P13""},{""from"":""P16"",""to"":""P18""},{""from"":""P20"",""to"":""P15""},{""from"":""P21"",""to"":""P23""},{""from"":""P15"",""to"":""P20""},{""from"":""P18"",""to"":""P17""},{""from"":""P08"",""to"":""P06""},{""from"":""P23"",""to"":""P22""},{""from"":""P25"",""to"":""P23""},{""from"":""P22"",""to"":""P21""},{""from"":""P23"",""to"":""P22""},{""from"":""P17"",""to"":""P23""},{""from"":""P13"",""to"":""P17""},{""from"":""P21"",""to"":""P16""},{""from"":""P20"",""to"":""P15""},{""from"":""P16"",""to"":""P21""},{""from"":""P06"",""to"":""P01""},{""from"":""P21"",""to"":""P16""},{""from"":""P03"",""to"":""P29""},{""from"":""P16"",""to"":""P21""},{""from"":""P19"",""to"":""P04""},{""from"":""P21"",""to"":""P16""},{""from"":""P15"",""to"":""P25""},{""from"":""P16"",""to"":""P21""},{""from"":""P04"",""to"":""P09""},{""from"":""P21"",""to"":""P16""},{""from"":""P10"",""to"":""P05""},{""from"":""P16"",""to"":""P21""},{""from"":""P29"",""to"":""P27""},{""from"":""P21"",""to"":""P16""},{""from"":""P27"",""to"":""P29""},{""from"":""P16"",""to"":""P21""},{""from"":""P29"",""to"":""P27""},{""from"":""P21"",""to"":""P16""},{""from"":""P27"",""to"":""P29""},{""from"":""P16"",""to"":""P21""},{""from"":""P29"",""to"":""P27""},{""from"":""P21"",""to"":""P16""},{""from"":""P27"",""to"":""P29""},{""from"":""P16"",""to"":""P21""},{""from"":""P29"",""to"":""P27""},{""from"":""P21"",""to"":""P16""},{""from"":""P27"",""to"":""P29""},{""from"":""P16"",""to"":""P21""},{""from"":""P29"",""to"":""P27""},{""from"":""P21"",""to"":""P16""},{""from"":""P27"",""to"":""P29""},{""from"":""P16"",""to"":""P21""},{""from"":""P29"",""to"":""P27""},{""from"":""P21"",""to"":""P16""},{""from"":""P27"",""to"":""P29""},{""from"":""P16"",""to"":""P21""},{""from"":""P29"",""to"":""P27""},{""from"":""P21"",""to"":""P16""},{""from"":""P27"",""to"":""P29""},{""from"":""P16"",""to"":""P21""},{""from"":""P29"",""to"":""P27""}]",d809df44300ade9a924f19cc254247cabbe848825d4f4de11e922c88e11f19d7,
selfplay-20260927-080451767,MINIMAX_VS_ALPHA_BETA,14,7,200032,MINIMAX,ALPHA_BETA,A,,,,MAX_PLIES_REACHED,60,911.5599000000002,1802,60,1,0,0,"[{""from"":""P06"",""to"":""P08""},{""from"":""P15"",""to"":""P03""},{""from"":""P01"",""to"":""P19""},{""from"":""P05"",""to"":""P13""},{""from"":""P16"",""to"":""P18""},{""from"":""P20"",""to"":""P15""},{""from"":""P21"",""to"":""P23""},{""from"":""P15"",""to"":""P20""},{""from"":""P18"",""to"":""P17""},{""from"":""P08"",""to"":""P06""},{""from"":""P23"",""to"":""P22""},{""from"":""P25"",""to"":""P23""},{""from"":""P22"",""to"":""P21""},{""from"":""P23"",""to"":""P22""},{""from"":""P17"",""to"":""P23""},{""from"":""P13"",""to"":""P17""},{""from"":""P21"",""to"":""P16""},{""from"":""P20"",""to"":""P15""},{""from"":""P16"",""to"":""P21""},{""from"":""P06"",""to"":""P01""},{""from"":""P21"",""to"":""P16""},{""from"":""P03"",""to"":""P29""},{""from"":""P16"",""to"":""P21""},{""from"":""P19"",""to"":""P04""},{""from"":""P21"",""to"":""P16""},{""from"":""P15"",""to"":""P25""},{""from"":""P16"",""to"":""P21""},{""from"":""P04"",""to"":""P09""},{""from"":""P21"",""to"":""P16""},{""from"":""P10"",""to"":""P05""},{""from"":""P16"",""to"":""P21""},{""from"":""P29"",""to"":""P27""},{""from"":""P21"",""to"":""P16""},{""from"":""P27"",""to"":""P29""},{""from"":""P16"",""to"":""P21""},{""from"":""P29"",""to"":""P27""},{""from"":""P21"",""to"":""P16""},{""from"":""P27"",""to"":""P29""},{""from"":""P16"",""to"":""P21""},{""from"":""P29"",""to"":""P27""},{""from"":""P21"",""to"":""P16""},{""from"":""P27"",""to"":""P29""},{""from"":""P16"",""to"":""P21""},{""from"":""P29"",""to"":""P27""},{""from"":""P21"",""to"":""P16""},{""from"":""P27"",""to"":""P29""},{""from"":""P16"",""to"":""P21""},{""from"":""P29"",""to"":""P27""},{""from"":""P21"",""to"":""P16""},{""from"":""P27"",""to"":""P29""},{""from"":""P16"",""to"":""P21""},{""from"":""P29"",""to"":""P27""},{""from"":""P21"",""to"":""P16""},{""from"":""P27"",""to"":""P29""},{""from"":""P16"",""to"":""P21""},{""from"":""P29"",""to"":""P27""},{""from"":""P21"",""to"":""P16""},{""from"":""P27"",""to"":""P29""},{""from"":""P16"",""to"":""P21""},{""from"":""P29"",""to"":""P27""}]",d809df44300ade9a924f19cc254247cabbe848825d4f4de11e922c88e11f19d7,
selfplay-20260927-080451767,MINIMAX_VS_ALPHA_BETA,15,7,200032,ALPHA_BETA,MINIMAX,A,,,,MAX_PLIES_REACHED,60,898.4153000000006,1802,60,1,0,0,"[{""from"":""P06"",""to"":""P08""},{""from"":""P15"",""to"":""P03""},{""from"":""P01"",""to"":""P19""},{""from"":""P05"",""to"":""P13""},{""from"":""P16"",""to"":""P18""},{""from"":""P20"",""to"":""P15""},{""from"":""P21"",""to"":""P23""},{""from"":""P15"",""to"":""P20""},{""from"":""P18"",""to"":""P17""},{""from"":""P08"",""to"":""P06""},{""from"":""P23"",""to"":""P22""},{""from"":""P25"",""to"":""P23""},{""from"":""P22"",""to"":""P21""},{""from"":""P23"",""to"":""P22""},{""from"":""P17"",""to"":""P23""},{""from"":""P13"",""to"":""P17""},{""from"":""P21"",""to"":""P16""},{""from"":""P20"",""to"":""P15""},{""from"":""P16"",""to"":""P21""},{""from"":""P06"",""to"":""P01""},{""from"":""P21"",""to"":""P16""},{""from"":""P03"",""to"":""P29""},{""from"":""P16"",""to"":""P21""},{""from"":""P19"",""to"":""P04""},{""from"":""P21"",""to"":""P16""},{""from"":""P15"",""to"":""P25""},{""from"":""P16"",""to"":""P21""},{""from"":""P04"",""to"":""P09""},{""from"":""P21"",""to"":""P16""},{""from"":""P10"",""to"":""P05""},{""from"":""P16"",""to"":""P21""},{""from"":""P29"",""to"":""P27""},{""from"":""P21"",""to"":""P16""},{""from"":""P27"",""to"":""P29""},{""from"":""P16"",""to"":""P21""},{""from"":""P29"",""to"":""P27""},{""from"":""P21"",""to"":""P16""},{""from"":""P27"",""to"":""P29""},{""from"":""P16"",""to"":""P21""},{""from"":""P29"",""to"":""P27""},{""from"":""P21"",""to"":""P16""},{""from"":""P27"",""to"":""P29""},{""from"":""P16"",""to"":""P21""},{""from"":""P29"",""to"":""P27""},{""from"":""P21"",""to"":""P16""},{""from"":""P27"",""to"":""P29""},{""from"":""P16"",""to"":""P21""},{""from"":""P29"",""to"":""P27""},{""from"":""P21"",""to"":""P16""},{""from"":""P27"",""to"":""P29""},{""from"":""P16"",""to"":""P21""},{""from"":""P29"",""to"":""P27""},{""from"":""P21"",""to"":""P16""},{""from"":""P27"",""to"":""P29""},{""from"":""P16"",""to"":""P21""},{""from"":""P29"",""to"":""P27""},{""from"":""P21"",""to"":""P16""},{""from"":""P27"",""to"":""P29""},{""from"":""P16"",""to"":""P21""},{""from"":""P29"",""to"":""P27""}]",d809df44300ade9a924f19cc254247cabbe848825d4f4de11e922c88e11f19d7,
selfplay-20260927-080451767,MINIMAX_VS_ALPHA_BETA,16,8,200033,MINIMAX,ALPHA_BETA,A,,,,MAX_PLIES_REACHED,60,979.034599999999,1802,60,1,0,0,"[{""from"":""P06"",""to"":""P08""},{""from"":""P15"",""to"":""P03""},{""from"":""P01"",""to"":""P19""},{""from"":""P05"",""to"":""P13""},{""from"":""P16"",""to"":""P18""},{""from"":""P20"",""to"":""P15""},{""from"":""P21"",""to"":""P23""},{""from"":""P15"",""to"":""P20""},{""from"":""P18"",""to"":""P17""},{""from"":""P08"",""to"":""P06""},{""from"":""P23"",""to"":""P22""},{""from"":""P25"",""to"":""P23""},{""from"":""P22"",""to"":""P21""},{""from"":""P23"",""to"":""P22""},{""from"":""P17"",""to"":""P23""},{""from"":""P13"",""to"":""P17""},{""from"":""P21"",""to"":""P16""},{""from"":""P20"",""to"":""P15""},{""from"":""P16"",""to"":""P21""},{""from"":""P06"",""to"":""P01""},{""from"":""P21"",""to"":""P16""},{""from"":""P03"",""to"":""P29""},{""from"":""P16"",""to"":""P21""},{""from"":""P19"",""to"":""P04""},{""from"":""P21"",""to"":""P16""},{""from"":""P15"",""to"":""P25""},{""from"":""P16"",""to"":""P21""},{""from"":""P04"",""to"":""P09""},{""from"":""P21"",""to"":""P16""},{""from"":""P10"",""to"":""P05""},{""from"":""P16"",""to"":""P21""},{""from"":""P29"",""to"":""P27""},{""from"":""P21"",""to"":""P16""},{""from"":""P27"",""to"":""P29""},{""from"":""P16"",""to"":""P21""},{""from"":""P29"",""to"":""P27""},{""from"":""P21"",""to"":""P16""},{""from"":""P27"",""to"":""P29""},{""from"":""P16"",""to"":""P21""},{""from"":""P29"",""to"":""P27""},{""from"":""P21"",""to"":""P16""},{""from"":""P27"",""to"":""P29""},{""from"":""P16"",""to"":""P21""},{""from"":""P29"",""to"":""P27""},{""from"":""P21"",""to"":""P16""},{""from"":""P27"",""to"":""P29""},{""from"":""P16"",""to"":""P21""},{""from"":""P29"",""to"":""P27""},{""from"":""P21"",""to"":""P16""},{""from"":""P27"",""to"":""P29""},{""from"":""P16"",""to"":""P21""},{""from"":""P29"",""to"":""P27""},{""from"":""P21"",""to"":""P16""},{""from"":""P27"",""to"":""P29""},{""from"":""P16"",""to"":""P21""},{""from"":""P29"",""to"":""P27""},{""from"":""P21"",""to"":""P16""},{""from"":""P27"",""to"":""P29""},{""from"":""P16"",""to"":""P21""},{""from"":""P29"",""to"":""P27""}]",d809df44300ade9a924f19cc254247cabbe848825d4f4de11e922c88e11f19d7,
selfplay-20260927-080451767,MINIMAX_VS_ALPHA_BETA,17,8,200033,ALPHA_BETA,MINIMAX,A,,,,MAX_PLIES_REACHED,60,913.1058000000048,1802,60,1,0,0,"[{""from"":""P06"",""to"":""P08""},{""from"":""P15"",""to"":""P03""},{""from"":""P01"",""to"":""P19""},{""from"":""P05"",""to"":""P13""},{""from"":""P16"",""to"":""P18""},{""from"":""P20"",""to"":""P15""},{""from"":""P21"",""to"":""P23""},{""from"":""P15"",""to"":""P20""},{""from"":""P18"",""to"":""P17""},{""from"":""P08"",""to"":""P06""},{""from"":""P23"",""to"":""P22""},{""from"":""P25"",""to"":""P23""},{""from"":""P22"",""to"":""P21""},{""from"":""P23"",""to"":""P22""},{""from"":""P17"",""to"":""P23""},{""from"":""P13"",""to"":""P17""},{""from"":""P21"",""to"":""P16""},{""from"":""P20"",""to"":""P15""},{""from"":""P16"",""to"":""P21""},{""from"":""P06"",""to"":""P01""},{""from"":""P21"",""to"":""P16""},{""from"":""P03"",""to"":""P29""},{""from"":""P16"",""to"":""P21""},{""from"":""P19"",""to"":""P04""},{""from"":""P21"",""to"":""P16""},{""from"":""P15"",""to"":""P25""},{""from"":""P16"",""to"":""P21""},{""from"":""P04"",""to"":""P09""},{""from"":""P21"",""to"":""P16""},{""from"":""P10"",""to"":""P05""},{""from"":""P16"",""to"":""P21""},{""from"":""P29"",""to"":""P27""},{""from"":""P21"",""to"":""P16""},{""from"":""P27"",""to"":""P29""},{""from"":""P16"",""to"":""P21""},{""from"":""P29"",""to"":""P27""},{""from"":""P21"",""to"":""P16""},{""from"":""P27"",""to"":""P29""},{""from"":""P16"",""to"":""P21""},{""from"":""P29"",""to"":""P27""},{""from"":""P21"",""to"":""P16""},{""from"":""P27"",""to"":""P29""},{""from"":""P16"",""to"":""P21""},{""from"":""P29"",""to"":""P27""},{""from"":""P21"",""to"":""P16""},{""from"":""P27"",""to"":""P29""},{""from"":""P16"",""to"":""P21""},{""from"":""P29"",""to"":""P27""},{""from"":""P21"",""to"":""P16""},{""from"":""P27"",""to"":""P29""},{""from"":""P16"",""to"":""P21""},{""from"":""P29"",""to"":""P27""},{""from"":""P21"",""to"":""P16""},{""from"":""P27"",""to"":""P29""},{""from"":""P16"",""to"":""P21""},{""from"":""P29"",""to"":""P27""},{""from"":""P21"",""to"":""P16""},{""from"":""P27"",""to"":""P29""},{""from"":""P16"",""to"":""P21""},{""from"":""P29"",""to"":""P27""}]",d809df44300ade9a924f19cc254247cabbe848825d4f4de11e922c88e11f19d7,
selfplay-20260927-080451767,MINIMAX_VS_ALPHA_BETA,18,9,200034,MINIMAX,ALPHA_BETA,A,,,,MAX_PLIES_REACHED,60,915.1964999999982,1802,60,1,0,0,"[{""from"":""P06"",""to"":""P08""},{""from"":""P15"",""to"":""P03""},{""from"":""P01"",""to"":""P19""},{""from"":""P05"",""to"":""P13""},{""from"":""P16"",""to"":""P18""},{""from"":""P20"",""to"":""P15""},{""from"":""P21"",""to"":""P23""},{""from"":""P15"",""to"":""P20""},{""from"":""P18"",""to"":""P17""},{""from"":""P08"",""to"":""P06""},{""from"":""P23"",""to"":""P22""},{""from"":""P25"",""to"":""P23""},{""from"":""P22"",""to"":""P21""},{""from"":""P23"",""to"":""P22""},{""from"":""P17"",""to"":""P23""},{""from"":""P13"",""to"":""P17""},{""from"":""P21"",""to"":""P16""},{""from"":""P20"",""to"":""P15""},{""from"":""P16"",""to"":""P21""},{""from"":""P06"",""to"":""P01""},{""from"":""P21"",""to"":""P16""},{""from"":""P03"",""to"":""P29""},{""from"":""P16"",""to"":""P21""},{""from"":""P19"",""to"":""P04""},{""from"":""P21"",""to"":""P16""},{""from"":""P15"",""to"":""P25""},{""from"":""P16"",""to"":""P21""},{""from"":""P04"",""to"":""P09""},{""from"":""P21"",""to"":""P16""},{""from"":""P10"",""to"":""P05""},{""from"":""P16"",""to"":""P21""},{""from"":""P29"",""to"":""P27""},{""from"":""P21"",""to"":""P16""},{""from"":""P27"",""to"":""P29""},{""from"":""P16"",""to"":""P21""},{""from"":""P29"",""to"":""P27""},{""from"":""P21"",""to"":""P16""},{""from"":""P27"",""to"":""P29""},{""from"":""P16"",""to"":""P21""},{""from"":""P29"",""to"":""P27""},{""from"":""P21"",""to"":""P16""},{""from"":""P27"",""to"":""P29""},{""from"":""P16"",""to"":""P21""},{""from"":""P29"",""to"":""P27""},{""from"":""P21"",""to"":""P16""},{""from"":""P27"",""to"":""P29""},{""from"":""P16"",""to"":""P21""},{""from"":""P29"",""to"":""P27""},{""from"":""P21"",""to"":""P16""},{""from"":""P27"",""to"":""P29""},{""from"":""P16"",""to"":""P21""},{""from"":""P29"",""to"":""P27""},{""from"":""P21"",""to"":""P16""},{""from"":""P27"",""to"":""P29""},{""from"":""P16"",""to"":""P21""},{""from"":""P29"",""to"":""P27""},{""from"":""P21"",""to"":""P16""},{""from"":""P27"",""to"":""P29""},{""from"":""P16"",""to"":""P21""},{""from"":""P29"",""to"":""P27""}]",d809df44300ade9a924f19cc254247cabbe848825d4f4de11e922c88e11f19d7,
selfplay-20260927-080451767,MINIMAX_VS_ALPHA_BETA,19,9,200034,ALPHA_BETA,MINIMAX,A,,,,MAX_PLIES_REACHED,60,904.4426999999996,1802,60,1,0,0,"[{""from"":""P06"",""to"":""P08""},{""from"":""P15"",""to"":""P03""},{""from"":""P01"",""to"":""P19""},{""from"":""P05"",""to"":""P13""},{""from"":""P16"",""to"":""P18""},{""from"":""P20"",""to"":""P15""},{""from"":""P21"",""to"":""P23""},{""from"":""P15"",""to"":""P20""},{""from"":""P18"",""to"":""P17""},{""from"":""P08"",""to"":""P06""},{""from"":""P23"",""to"":""P22""},{""from"":""P25"",""to"":""P23""},{""from"":""P22"",""to"":""P21""},{""from"":""P23"",""to"":""P22""},{""from"":""P17"",""to"":""P23""},{""from"":""P13"",""to"":""P17""},{""from"":""P21"",""to"":""P16""},{""from"":""P20"",""to"":""P15""},{""from"":""P16"",""to"":""P21""},{""from"":""P06"",""to"":""P01""},{""from"":""P21"",""to"":""P16""},{""from"":""P03"",""to"":""P29""},{""from"":""P16"",""to"":""P21""},{""from"":""P19"",""to"":""P04""},{""from"":""P21"",""to"":""P16""},{""from"":""P15"",""to"":""P25""},{""from"":""P16"",""to"":""P21""},{""from"":""P04"",""to"":""P09""},{""from"":""P21"",""to"":""P16""},{""from"":""P10"",""to"":""P05""},{""from"":""P16"",""to"":""P21""},{""from"":""P29"",""to"":""P27""},{""from"":""P21"",""to"":""P16""},{""from"":""P27"",""to"":""P29""},{""from"":""P16"",""to"":""P21""},{""from"":""P29"",""to"":""P27""},{""from"":""P21"",""to"":""P16""},{""from"":""P27"",""to"":""P29""},{""from"":""P16"",""to"":""P21""},{""from"":""P29"",""to"":""P27""},{""from"":""P21"",""to"":""P16""},{""from"":""P27"",""to"":""P29""},{""from"":""P16"",""to"":""P21""},{""from"":""P29"",""to"":""P27""},{""from"":""P21"",""to"":""P16""},{""from"":""P27"",""to"":""P29""},{""from"":""P16"",""to"":""P21""},{""from"":""P29"",""to"":""P27""},{""from"":""P21"",""to"":""P16""},{""from"":""P27"",""to"":""P29""},{""from"":""P16"",""to"":""P21""},{""from"":""P29"",""to"":""P27""},{""from"":""P21"",""to"":""P16""},{""from"":""P27"",""to"":""P29""},{""from"":""P16"",""to"":""P21""},{""from"":""P29"",""to"":""P27""},{""from"":""P21"",""to"":""P16""},{""from"":""P27"",""to"":""P29""},{""from"":""P16"",""to"":""P21""},{""from"":""P29"",""to"":""P27""}]",d809df44300ade9a924f19cc254247cabbe848825d4f4de11e922c88e11f19d7,
selfplay-20260927-080451767,MINIMAX_VS_ALPHA_BETA,20,10,200035,MINIMAX,ALPHA_BETA,A,,,,MAX_PLIES_REACHED,60,920.5219999999972,1802,60,1,0,0,"[{""from"":""P06"",""to"":""P08""},{""from"":""P15"",""to"":""P03""},{""from"":""P01"",""to"":""P19""},{""from"":""P05"",""to"":""P13""},{""from"":""P16"",""to"":""P18""},{""from"":""P20"",""to"":""P15""},{""from"":""P21"",""to"":""P23""},{""from"":""P15"",""to"":""P20""},{""from"":""P18"",""to"":""P17""},{""from"":""P08"",""to"":""P06""},{""from"":""P23"",""to"":""P22""},{""from"":""P25"",""to"":""P23""},{""from"":""P22"",""to"":""P21""},{""from"":""P23"",""to"":""P22""},{""from"":""P17"",""to"":""P23""},{""from"":""P13"",""to"":""P17""},{""from"":""P21"",""to"":""P16""},{""from"":""P20"",""to"":""P15""},{""from"":""P16"",""to"":""P21""},{""from"":""P06"",""to"":""P01""},{""from"":""P21"",""to"":""P16""},{""from"":""P03"",""to"":""P29""},{""from"":""P16"",""to"":""P21""},{""from"":""P19"",""to"":""P04""},{""from"":""P21"",""to"":""P16""},{""from"":""P15"",""to"":""P25""},{""from"":""P16"",""to"":""P21""},{""from"":""P04"",""to"":""P09""},{""from"":""P21"",""to"":""P16""},{""from"":""P10"",""to"":""P05""},{""from"":""P16"",""to"":""P21""},{""from"":""P29"",""to"":""P27""},{""from"":""P21"",""to"":""P16""},{""from"":""P27"",""to"":""P29""},{""from"":""P16"",""to"":""P21""},{""from"":""P29"",""to"":""P27""},{""from"":""P21"",""to"":""P16""},{""from"":""P27"",""to"":""P29""},{""from"":""P16"",""to"":""P21""},{""from"":""P29"",""to"":""P27""},{""from"":""P21"",""to"":""P16""},{""from"":""P27"",""to"":""P29""},{""from"":""P16"",""to"":""P21""},{""from"":""P29"",""to"":""P27""},{""from"":""P21"",""to"":""P16""},{""from"":""P27"",""to"":""P29""},{""from"":""P16"",""to"":""P21""},{""from"":""P29"",""to"":""P27""},{""from"":""P21"",""to"":""P16""},{""from"":""P27"",""to"":""P29""},{""from"":""P16"",""to"":""P21""},{""from"":""P29"",""to"":""P27""},{""from"":""P21"",""to"":""P16""},{""from"":""P27"",""to"":""P29""},{""from"":""P16"",""to"":""P21""},{""from"":""P29"",""to"":""P27""},{""from"":""P21"",""to"":""P16""},{""from"":""P27"",""to"":""P29""},{""from"":""P16"",""to"":""P21""},{""from"":""P29"",""to"":""P27""}]",d809df44300ade9a924f19cc254247cabbe848825d4f4de11e922c88e11f19d7,
selfplay-20260927-080451767,MINIMAX_VS_ALPHA_BETA,21,10,200035,ALPHA_BETA,MINIMAX,A,,,,MAX_PLIES_REACHED,60,912.2423999999955,1802,60,1,0,0,"[{""from"":""P06"",""to"":""P08""},{""from"":""P15"",""to"":""P03""},{""from"":""P01"",""to"":""P19""},{""from"":""P05"",""to"":""P13""},{""from"":""P16"",""to"":""P18""},{""from"":""P20"",""to"":""P15""},{""from"":""P21"",""to"":""P23""},{""from"":""P15"",""to"":""P20""},{""from"":""P18"",""to"":""P17""},{""from"":""P08"",""to"":""P06""},{""from"":""P23"",""to"":""P22""},{""from"":""P25"",""to"":""P23""},{""from"":""P22"",""to"":""P21""},{""from"":""P23"",""to"":""P22""},{""from"":""P17"",""to"":""P23""},{""from"":""P13"",""to"":""P17""},{""from"":""P21"",""to"":""P16""},{""from"":""P20"",""to"":""P15""},{""from"":""P16"",""to"":""P21""},{""from"":""P06"",""to"":""P01""},{""from"":""P21"",""to"":""P16""},{""from"":""P03"",""to"":""P29""},{""from"":""P16"",""to"":""P21""},{""from"":""P19"",""to"":""P04""},{""from"":""P21"",""to"":""P16""},{""from"":""P15"",""to"":""P25""},{""from"":""P16"",""to"":""P21""},{""from"":""P04"",""to"":""P09""},{""from"":""P21"",""to"":""P16""},{""from"":""P10"",""to"":""P05""},{""from"":""P16"",""to"":""P21""},{""from"":""P29"",""to"":""P27""},{""from"":""P21"",""to"":""P16""},{""from"":""P27"",""to"":""P29""},{""from"":""P16"",""to"":""P21""},{""from"":""P29"",""to"":""P27""},{""from"":""P21"",""to"":""P16""},{""from"":""P27"",""to"":""P29""},{""from"":""P16"",""to"":""P21""},{""from"":""P29"",""to"":""P27""},{""from"":""P21"",""to"":""P16""},{""from"":""P27"",""to"":""P29""},{""from"":""P16"",""to"":""P21""},{""from"":""P29"",""to"":""P27""},{""from"":""P21"",""to"":""P16""},{""from"":""P27"",""to"":""P29""},{""from"":""P16"",""to"":""P21""},{""from"":""P29"",""to"":""P27""},{""from"":""P21"",""to"":""P16""},{""from"":""P27"",""to"":""P29""},{""from"":""P16"",""to"":""P21""},{""from"":""P29"",""to"":""P27""},{""from"":""P21"",""to"":""P16""},{""from"":""P27"",""to"":""P29""},{""from"":""P16"",""to"":""P21""},{""from"":""P29"",""to"":""P27""},{""from"":""P21"",""to"":""P16""},{""from"":""P27"",""to"":""P29""},{""from"":""P16"",""to"":""P21""},{""from"":""P29"",""to"":""P27""}]",d809df44300ade9a924f19cc254247cabbe848825d4f4de11e922c88e11f19d7,
selfplay-20260927-080451767,MINIMAX_VS_ALPHA_BETA,22,11,200036,MINIMAX,ALPHA_BETA,A,,,,MAX_PLIES_REACHED,60,904.3713999999964,1802,60,1,0,0,"[{""from"":""P06"",""to"":""P08""},{""from"":""P15"",""to"":""P03""},{""from"":""P01"",""to"":""P19""},{""from"":""P05"",""to"":""P13""},{""from"":""P16"",""to"":""P18""},{""from"":""P20"",""to"":""P15""},{""from"":""P21"",""to"":""P23""},{""from"":""P15"",""to"":""P20""},{""from"":""P18"",""to"":""P17""},{""from"":""P08"",""to"":""P06""},{""from"":""P23"",""to"":""P22""},{""from"":""P25"",""to"":""P23""},{""from"":""P22"",""to"":""P21""},{""from"":""P23"",""to"":""P22""},{""from"":""P17"",""to"":""P23""},{""from"":""P13"",""to"":""P17""},{""from"":""P21"",""to"":""P16""},{""from"":""P20"",""to"":""P15""},{""from"":""P16"",""to"":""P21""},{""from"":""P06"",""to"":""P01""},{""from"":""P21"",""to"":""P16""},{""from"":""P03"",""to"":""P29""},{""from"":""P16"",""to"":""P21""},{""from"":""P19"",""to"":""P04""},{""from"":""P21"",""to"":""P16""},{""from"":""P15"",""to"":""P25""},{""from"":""P16"",""to"":""P21""},{""from"":""P04"",""to"":""P09""},{""from"":""P21"",""to"":""P16""},{""from"":""P10"",""to"":""P05""},{""from"":""P16"",""to"":""P21""},{""from"":""P29"",""to"":""P27""},{""from"":""P21"",""to"":""P16""},{""from"":""P27"",""to"":""P29""},{""from"":""P16"",""to"":""P21""},{""from"":""P29"",""to"":""P27""},{""from"":""P21"",""to"":""P16""},{""from"":""P27"",""to"":""P29""},{""from"":""P16"",""to"":""P21""},{""from"":""P29"",""to"":""P27""},{""from"":""P21"",""to"":""P16""},{""from"":""P27"",""to"":""P29""},{""from"":""P16"",""to"":""P21""},{""from"":""P29"",""to"":""P27""},{""from"":""P21"",""to"":""P16""},{""from"":""P27"",""to"":""P29""},{""from"":""P16"",""to"":""P21""},{""from"":""P29"",""to"":""P27""},{""from"":""P21"",""to"":""P16""},{""from"":""P27"",""to"":""P29""},{""from"":""P16"",""to"":""P21""},{""from"":""P29"",""to"":""P27""},{""from"":""P21"",""to"":""P16""},{""from"":""P27"",""to"":""P29""},{""from"":""P16"",""to"":""P21""},{""from"":""P29"",""to"":""P27""},{""from"":""P21"",""to"":""P16""},{""from"":""P27"",""to"":""P29""},{""from"":""P16"",""to"":""P21""},{""from"":""P29"",""to"":""P27""}]",d809df44300ade9a924f19cc254247cabbe848825d4f4de11e922c88e11f19d7,
selfplay-20260927-080451767,MINIMAX_VS_ALPHA_BETA,23,11,200036,ALPHA_BETA,MINIMAX,A,,,,MAX_PLIES_REACHED,60,920.8749000000025,1802,60,1,0,0,"[{""from"":""P06"",""to"":""P08""},{""from"":""P15"",""to"":""P03""},{""from"":""P01"",""to"":""P19""},{""from"":""P05"",""to"":""P13""},{""from"":""P16"",""to"":""P18""},{""from"":""P20"",""to"":""P15""},{""from"":""P21"",""to"":""P23""},{""from"":""P15"",""to"":""P20""},{""from"":""P18"",""to"":""P17""},{""from"":""P08"",""to"":""P06""},{""from"":""P23"",""to"":""P22""},{""from"":""P25"",""to"":""P23""},{""from"":""P22"",""to"":""P21""},{""from"":""P23"",""to"":""P22""},{""from"":""P17"",""to"":""P23""},{""from"":""P13"",""to"":""P17""},{""from"":""P21"",""to"":""P16""},{""from"":""P20"",""to"":""P15""},{""from"":""P16"",""to"":""P21""},{""from"":""P06"",""to"":""P01""},{""from"":""P21"",""to"":""P16""},{""from"":""P03"",""to"":""P29""},{""from"":""P16"",""to"":""P21""},{""from"":""P19"",""to"":""P04""},{""from"":""P21"",""to"":""P16""},{""from"":""P15"",""to"":""P25""},{""from"":""P16"",""to"":""P21""},{""from"":""P04"",""to"":""P09""},{""from"":""P21"",""to"":""P16""},{""from"":""P10"",""to"":""P05""},{""from"":""P16"",""to"":""P21""},{""from"":""P29"",""to"":""P27""},{""from"":""P21"",""to"":""P16""},{""from"":""P27"",""to"":""P29""},{""from"":""P16"",""to"":""P21""},{""from"":""P29"",""to"":""P27""},{""from"":""P21"",""to"":""P16""},{""from"":""P27"",""to"":""P29""},{""from"":""P16"",""to"":""P21""},{""from"":""P29"",""to"":""P27""},{""from"":""P21"",""to"":""P16""},{""from"":""P27"",""to"":""P29""},{""from"":""P16"",""to"":""P21""},{""from"":""P29"",""to"":""P27""},{""from"":""P21"",""to"":""P16""},{""from"":""P27"",""to"":""P29""},{""from"":""P16"",""to"":""P21""},{""from"":""P29"",""to"":""P27""},{""from"":""P21"",""to"":""P16""},{""from"":""P27"",""to"":""P29""},{""from"":""P16"",""to"":""P21""},{""from"":""P29"",""to"":""P27""},{""from"":""P21"",""to"":""P16""},{""from"":""P27"",""to"":""P29""},{""from"":""P16"",""to"":""P21""},{""from"":""P29"",""to"":""P27""},{""from"":""P21"",""to"":""P16""},{""from"":""P27"",""to"":""P29""},{""from"":""P16"",""to"":""P21""},{""from"":""P29"",""to"":""P27""}]",d809df44300ade9a924f19cc254247cabbe848825d4f4de11e922c88e11f19d7,
selfplay-20260927-080451767,ALPHA_BETA_VS_ALPHA_BETA_TT,0,0,300025,ALPHA_BETA,ALPHA_BETA_TT,A,,,,MAX_PLIES_REACHED,60,1926.7534000000014,1802,60,1,0,0,"[{""from"":""P06"",""to"":""P08""},{""from"":""P15"",""to"":""P03""},{""from"":""P01"",""to"":""P19""},{""from"":""P05"",""to"":""P13""},{""from"":""P16"",""to"":""P18""},{""from"":""P20"",""to"":""P15""},{""from"":""P21"",""to"":""P23""},{""from"":""P15"",""to"":""P20""},{""from"":""P18"",""to"":""P17""},{""from"":""P08"",""to"":""P06""},{""from"":""P23"",""to"":""P22""},{""from"":""P25"",""to"":""P23""},{""from"":""P22"",""to"":""P21""},{""from"":""P23"",""to"":""P22""},{""from"":""P17"",""to"":""P23""},{""from"":""P13"",""to"":""P17""},{""from"":""P21"",""to"":""P16""},{""from"":""P20"",""to"":""P15""},{""from"":""P16"",""to"":""P21""},{""from"":""P06"",""to"":""P01""},{""from"":""P21"",""to"":""P16""},{""from"":""P03"",""to"":""P29""},{""from"":""P16"",""to"":""P21""},{""from"":""P19"",""to"":""P04""},{""from"":""P21"",""to"":""P16""},{""from"":""P15"",""to"":""P25""},{""from"":""P16"",""to"":""P21""},{""from"":""P04"",""to"":""P09""},{""from"":""P21"",""to"":""P16""},{""from"":""P10"",""to"":""P05""},{""from"":""P16"",""to"":""P21""},{""from"":""P29"",""to"":""P27""},{""from"":""P21"",""to"":""P16""},{""from"":""P27"",""to"":""P29""},{""from"":""P16"",""to"":""P21""},{""from"":""P29"",""to"":""P27""},{""from"":""P21"",""to"":""P16""},{""from"":""P27"",""to"":""P29""},{""from"":""P16"",""to"":""P21""},{""from"":""P29"",""to"":""P27""},{""from"":""P21"",""to"":""P16""},{""from"":""P27"",""to"":""P29""},{""from"":""P16"",""to"":""P21""},{""from"":""P29"",""to"":""P27""},{""from"":""P21"",""to"":""P16""},{""from"":""P27"",""to"":""P29""},{""from"":""P16"",""to"":""P21""},{""from"":""P29"",""to"":""P27""},{""from"":""P21"",""to"":""P16""},{""from"":""P27"",""to"":""P29""},{""from"":""P16"",""to"":""P21""},{""from"":""P29"",""to"":""P27""},{""from"":""P21"",""to"":""P16""},{""from"":""P27"",""to"":""P29""},{""from"":""P16"",""to"":""P21""},{""from"":""P29"",""to"":""P27""},{""from"":""P21"",""to"":""P16""},{""from"":""P27"",""to"":""P29""},{""from"":""P16"",""to"":""P21""},{""from"":""P29"",""to"":""P27""}]",d809df44300ade9a924f19cc254247cabbe848825d4f4de11e922c88e11f19d7,
selfplay-20260927-080451767,ALPHA_BETA_VS_ALPHA_BETA_TT,1,0,300025,ALPHA_BETA_TT,ALPHA_BETA,A,,,,MAX_PLIES_REACHED,60,934.7256999999954,1802,60,1,0,0,"[{""from"":""P06"",""to"":""P08""},{""from"":""P15"",""to"":""P03""},{""from"":""P01"",""to"":""P19""},{""from"":""P05"",""to"":""P13""},{""from"":""P16"",""to"":""P18""},{""from"":""P20"",""to"":""P15""},{""from"":""P21"",""to"":""P23""},{""from"":""P15"",""to"":""P20""},{""from"":""P18"",""to"":""P17""},{""from"":""P08"",""to"":""P06""},{""from"":""P23"",""to"":""P22""},{""from"":""P25"",""to"":""P23""},{""from"":""P22"",""to"":""P21""},{""from"":""P23"",""to"":""P22""},{""from"":""P17"",""to"":""P23""},{""from"":""P13"",""to"":""P17""},{""from"":""P21"",""to"":""P16""},{""from"":""P20"",""to"":""P15""},{""from"":""P16"",""to"":""P21""},{""from"":""P06"",""to"":""P01""},{""from"":""P21"",""to"":""P16""},{""from"":""P03"",""to"":""P29""},{""from"":""P16"",""to"":""P21""},{""from"":""P19"",""to"":""P04""},{""from"":""P21"",""to"":""P16""},{""from"":""P15"",""to"":""P25""},{""from"":""P16"",""to"":""P21""},{""from"":""P04"",""to"":""P09""},{""from"":""P21"",""to"":""P16""},{""from"":""P10"",""to"":""P05""},{""from"":""P16"",""to"":""P21""},{""from"":""P29"",""to"":""P27""},{""from"":""P21"",""to"":""P16""},{""from"":""P27"",""to"":""P29""},{""from"":""P16"",""to"":""P21""},{""from"":""P29"",""to"":""P27""},{""from"":""P21"",""to"":""P16""},{""from"":""P27"",""to"":""P29""},{""from"":""P16"",""to"":""P21""},{""from"":""P29"",""to"":""P27""},{""from"":""P21"",""to"":""P16""},{""from"":""P27"",""to"":""P29""},{""from"":""P16"",""to"":""P21""},{""from"":""P29"",""to"":""P27""},{""from"":""P21"",""to"":""P16""},{""from"":""P27"",""to"":""P29""},{""from"":""P16"",""to"":""P21""},{""from"":""P29"",""to"":""P27""},{""from"":""P21"",""to"":""P16""},{""from"":""P27"",""to"":""P29""},{""from"":""P16"",""to"":""P21""},{""from"":""P29"",""to"":""P27""},{""from"":""P21"",""to"":""P16""},{""from"":""P27"",""to"":""P29""},{""from"":""P16"",""to"":""P21""},{""from"":""P29"",""to"":""P27""},{""from"":""P21"",""to"":""P16""},{""from"":""P27"",""to"":""P29""},{""from"":""P16"",""to"":""P21""},{""from"":""P29"",""to"":""P27""}]",d809df44300ade9a924f19cc254247cabbe848825d4f4de11e922c88e11f19d7,
selfplay-20260927-080451767,ALPHA_BETA_VS_ALPHA_BETA_TT,2,1,300026,ALPHA_BETA,ALPHA_BETA_TT,A,,,,MAX_PLIES_REACHED,60,1892.6959999999963,1802,60,1,0,0,"[{""from"":""P06"",""to"":""P08""},{""from"":""P15"",""to"":""P03""},{""from"":""P01"",""to"":""P19""},{""from"":""P05"",""to"":""P13""},{""from"":""P16"",""to"":""P18""},{""from"":""P20"",""to"":""P15""},{""from"":""P21"",""to"":""P23""},{""from"":""P15"",""to"":""P20""},{""from"":""P18"",""to"":""P17""},{""from"":""P08"",""to"":""P06""},{""from"":""P23"",""to"":""P22""},{""from"":""P25"",""to"":""P23""},{""from"":""P22"",""to"":""P21""},{""from"":""P23"",""to"":""P22""},{""from"":""P17"",""to"":""P23""},{""from"":""P13"",""to"":""P17""},{""from"":""P21"",""to"":""P16""},{""from"":""P20"",""to"":""P15""},{""from"":""P16"",""to"":""P21""},{""from"":""P06"",""to"":""P01""},{""from"":""P21"",""to"":""P16""},{""from"":""P03"",""to"":""P29""},{""from"":""P16"",""to"":""P21""},{""from"":""P19"",""to"":""P04""},{""from"":""P21"",""to"":""P16""},{""from"":""P15"",""to"":""P25""},{""from"":""P16"",""to"":""P21""},{""from"":""P04"",""to"":""P09""},{""from"":""P21"",""to"":""P16""},{""from"":""P10"",""to"":""P05""},{""from"":""P16"",""to"":""P21""},{""from"":""P29"",""to"":""P27""},{""from"":""P21"",""to"":""P16""},{""from"":""P27"",""to"":""P29""},{""from"":""P16"",""to"":""P21""},{""from"":""P29"",""to"":""P27""},{""from"":""P21"",""to"":""P16""},{""from"":""P27"",""to"":""P29""},{""from"":""P16"",""to"":""P21""},{""from"":""P29"",""to"":""P27""},{""from"":""P21"",""to"":""P16""},{""from"":""P27"",""to"":""P29""},{""from"":""P16"",""to"":""P21""},{""from"":""P29"",""to"":""P27""},{""from"":""P21"",""to"":""P16""},{""from"":""P27"",""to"":""P29""},{""from"":""P16"",""to"":""P21""},{""from"":""P29"",""to"":""P27""},{""from"":""P21"",""to"":""P16""},{""from"":""P27"",""to"":""P29""},{""from"":""P16"",""to"":""P21""},{""from"":""P29"",""to"":""P27""},{""from"":""P21"",""to"":""P16""},{""from"":""P27"",""to"":""P29""},{""from"":""P16"",""to"":""P21""},{""from"":""P29"",""to"":""P27""},{""from"":""P21"",""to"":""P16""},{""from"":""P27"",""to"":""P29""},{""from"":""P16"",""to"":""P21""},{""from"":""P29"",""to"":""P27""}]",d809df44300ade9a924f19cc254247cabbe848825d4f4de11e922c88e11f19d7,
selfplay-20260927-080451767,ALPHA_BETA_VS_ALPHA_BETA_TT,3,1,300026,ALPHA_BETA_TT,ALPHA_BETA,A,,,,MAX_PLIES_REACHED,60,955.5629000000044,1802,60,1,0,0,"[{""from"":""P06"",""to"":""P08""},{""from"":""P15"",""to"":""P03""},{""from"":""P01"",""to"":""P19""},{""from"":""P05"",""to"":""P13""},{""from"":""P16"",""to"":""P18""},{""from"":""P20"",""to"":""P15""},{""from"":""P21"",""to"":""P23""},{""from"":""P15"",""to"":""P20""},{""from"":""P18"",""to"":""P17""},{""from"":""P08"",""to"":""P06""},{""from"":""P23"",""to"":""P22""},{""from"":""P25"",""to"":""P23""},{""from"":""P22"",""to"":""P21""},{""from"":""P23"",""to"":""P22""},{""from"":""P17"",""to"":""P23""},{""from"":""P13"",""to"":""P17""},{""from"":""P21"",""to"":""P16""},{""from"":""P20"",""to"":""P15""},{""from"":""P16"",""to"":""P21""},{""from"":""P06"",""to"":""P01""},{""from"":""P21"",""to"":""P16""},{""from"":""P03"",""to"":""P29""},{""from"":""P16"",""to"":""P21""},{""from"":""P19"",""to"":""P04""},{""from"":""P21"",""to"":""P16""},{""from"":""P15"",""to"":""P25""},{""from"":""P16"",""to"":""P21""},{""from"":""P04"",""to"":""P09""},{""from"":""P21"",""to"":""P16""},{""from"":""P10"",""to"":""P05""},{""from"":""P16"",""to"":""P21""},{""from"":""P29"",""to"":""P27""},{""from"":""P21"",""to"":""P16""},{""from"":""P27"",""to"":""P29""},{""from"":""P16"",""to"":""P21""},{""from"":""P29"",""to"":""P27""},{""from"":""P21"",""to"":""P16""},{""from"":""P27"",""to"":""P29""},{""from"":""P16"",""to"":""P21""},{""from"":""P29"",""to"":""P27""},{""from"":""P21"",""to"":""P16""},{""from"":""P27"",""to"":""P29""},{""from"":""P16"",""to"":""P21""},{""from"":""P29"",""to"":""P27""},{""from"":""P21"",""to"":""P16""},{""from"":""P27"",""to"":""P29""},{""from"":""P16"",""to"":""P21""},{""from"":""P29"",""to"":""P27""},{""from"":""P21"",""to"":""P16""},{""from"":""P27"",""to"":""P29""},{""from"":""P16"",""to"":""P21""},{""from"":""P29"",""to"":""P27""},{""from"":""P21"",""to"":""P16""},{""from"":""P27"",""to"":""P29""},{""from"":""P16"",""to"":""P21""},{""from"":""P29"",""to"":""P27""},{""from"":""P21"",""to"":""P16""},{""from"":""P27"",""to"":""P29""},{""from"":""P16"",""to"":""P21""},{""from"":""P29"",""to"":""P27""}]",d809df44300ade9a924f19cc254247cabbe848825d4f4de11e922c88e11f19d7,
selfplay-20260927-080451767,ALPHA_BETA_VS_ALPHA_BETA_TT,4,2,300027,ALPHA_BETA,ALPHA_BETA_TT,A,,,,MAX_PLIES_REACHED,60,1911.4616999999998,1802,60,1,0,0,"[{""from"":""P06"",""to"":""P08""},{""from"":""P15"",""to"":""P03""},{""from"":""P01"",""to"":""P19""},{""from"":""P05"",""to"":""P13""},{""from"":""P16"",""to"":""P18""},{""from"":""P20"",""to"":""P15""},{""from"":""P21"",""to"":""P23""},{""from"":""P15"",""to"":""P20""},{""from"":""P18"",""to"":""P17""},{""from"":""P08"",""to"":""P06""},{""from"":""P23"",""to"":""P22""},{""from"":""P25"",""to"":""P23""},{""from"":""P22"",""to"":""P21""},{""from"":""P23"",""to"":""P22""},{""from"":""P17"",""to"":""P23""},{""from"":""P13"",""to"":""P17""},{""from"":""P21"",""to"":""P16""},{""from"":""P20"",""to"":""P15""},{""from"":""P16"",""to"":""P21""},{""from"":""P06"",""to"":""P01""},{""from"":""P21"",""to"":""P16""},{""from"":""P03"",""to"":""P29""},{""from"":""P16"",""to"":""P21""},{""from"":""P19"",""to"":""P04""},{""from"":""P21"",""to"":""P16""},{""from"":""P15"",""to"":""P25""},{""from"":""P16"",""to"":""P21""},{""from"":""P04"",""to"":""P09""},{""from"":""P21"",""to"":""P16""},{""from"":""P10"",""to"":""P05""},{""from"":""P16"",""to"":""P21""},{""from"":""P29"",""to"":""P27""},{""from"":""P21"",""to"":""P16""},{""from"":""P27"",""to"":""P29""},{""from"":""P16"",""to"":""P21""},{""from"":""P29"",""to"":""P27""},{""from"":""P21"",""to"":""P16""},{""from"":""P27"",""to"":""P29""},{""from"":""P16"",""to"":""P21""},{""from"":""P29"",""to"":""P27""},{""from"":""P21"",""to"":""P16""},{""from"":""P27"",""to"":""P29""},{""from"":""P16"",""to"":""P21""},{""from"":""P29"",""to"":""P27""},{""from"":""P21"",""to"":""P16""},{""from"":""P27"",""to"":""P29""},{""from"":""P16"",""to"":""P21""},{""from"":""P29"",""to"":""P27""},{""from"":""P21"",""to"":""P16""},{""from"":""P27"",""to"":""P29""},{""from"":""P16"",""to"":""P21""},{""from"":""P29"",""to"":""P27""},{""from"":""P21"",""to"":""P16""},{""from"":""P27"",""to"":""P29""},{""from"":""P16"",""to"":""P21""},{""from"":""P29"",""to"":""P27""},{""from"":""P21"",""to"":""P16""},{""from"":""P27"",""to"":""P29""},{""from"":""P16"",""to"":""P21""},{""from"":""P29"",""to"":""P27""}]",d809df44300ade9a924f19cc254247cabbe848825d4f4de11e922c88e11f19d7,
selfplay-20260927-080451767,ALPHA_BETA_VS_ALPHA_BETA_TT,5,2,300027,ALPHA_BETA_TT,ALPHA_BETA,A,,,,MAX_PLIES_REACHED,60,939.9802999999956,1802,60,1,0,0,"[{""from"":""P06"",""to"":""P08""},{""from"":""P15"",""to"":""P03""},{""from"":""P01"",""to"":""P19""},{""from"":""P05"",""to"":""P13""},{""from"":""P16"",""to"":""P18""},{""from"":""P20"",""to"":""P15""},{""from"":""P21"",""to"":""P23""},{""from"":""P15"",""to"":""P20""},{""from"":""P18"",""to"":""P17""},{""from"":""P08"",""to"":""P06""},{""from"":""P23"",""to"":""P22""},{""from"":""P25"",""to"":""P23""},{""from"":""P22"",""to"":""P21""},{""from"":""P23"",""to"":""P22""},{""from"":""P17"",""to"":""P23""},{""from"":""P13"",""to"":""P17""},{""from"":""P21"",""to"":""P16""},{""from"":""P20"",""to"":""P15""},{""from"":""P16"",""to"":""P21""},{""from"":""P06"",""to"":""P01""},{""from"":""P21"",""to"":""P16""},{""from"":""P03"",""to"":""P29""},{""from"":""P16"",""to"":""P21""},{""from"":""P19"",""to"":""P04""},{""from"":""P21"",""to"":""P16""},{""from"":""P15"",""to"":""P25""},{""from"":""P16"",""to"":""P21""},{""from"":""P04"",""to"":""P09""},{""from"":""P21"",""to"":""P16""},{""from"":""P10"",""to"":""P05""},{""from"":""P16"",""to"":""P21""},{""from"":""P29"",""to"":""P27""},{""from"":""P21"",""to"":""P16""},{""from"":""P27"",""to"":""P29""},{""from"":""P16"",""to"":""P21""},{""from"":""P29"",""to"":""P27""},{""from"":""P21"",""to"":""P16""},{""from"":""P27"",""to"":""P29""},{""from"":""P16"",""to"":""P21""},{""from"":""P29"",""to"":""P27""},{""from"":""P21"",""to"":""P16""},{""from"":""P27"",""to"":""P29""},{""from"":""P16"",""to"":""P21""},{""from"":""P29"",""to"":""P27""},{""from"":""P21"",""to"":""P16""},{""from"":""P27"",""to"":""P29""},{""from"":""P16"",""to"":""P21""},{""from"":""P29"",""to"":""P27""},{""from"":""P21"",""to"":""P16""},{""from"":""P27"",""to"":""P29""},{""from"":""P16"",""to"":""P21""},{""from"":""P29"",""to"":""P27""},{""from"":""P21"",""to"":""P16""},{""from"":""P27"",""to"":""P29""},{""from"":""P16"",""to"":""P21""},{""from"":""P29"",""to"":""P27""},{""from"":""P21"",""to"":""P16""},{""from"":""P27"",""to"":""P29""},{""from"":""P16"",""to"":""P21""},{""from"":""P29"",""to"":""P27""}]",d809df44300ade9a924f19cc254247cabbe848825d4f4de11e922c88e11f19d7,
selfplay-20260927-080451767,ALPHA_BETA_VS_ALPHA_BETA_TT,6,3,300028,ALPHA_BETA,ALPHA_BETA_TT,A,,,,MAX_PLIES_REACHED,60,1917.274900000004,1802,60,1,0,0,"[{""from"":""P06"",""to"":""P08""},{""from"":""P15"",""to"":""P03""},{""from"":""P01"",""to"":""P19""},{""from"":""P05"",""to"":""P13""},{""from"":""P16"",""to"":""P18""},{""from"":""P20"",""to"":""P15""},{""from"":""P21"",""to"":""P23""},{""from"":""P15"",""to"":""P20""},{""from"":""P18"",""to"":""P17""},{""from"":""P08"",""to"":""P06""},{""from"":""P23"",""to"":""P22""},{""from"":""P25"",""to"":""P23""},{""from"":""P22"",""to"":""P21""},{""from"":""P23"",""to"":""P22""},{""from"":""P17"",""to"":""P23""},{""from"":""P13"",""to"":""P17""},{""from"":""P21"",""to"":""P16""},{""from"":""P20"",""to"":""P15""},{""from"":""P16"",""to"":""P21""},{""from"":""P06"",""to"":""P01""},{""from"":""P21"",""to"":""P16""},{""from"":""P03"",""to"":""P29""},{""from"":""P16"",""to"":""P21""},{""from"":""P19"",""to"":""P04""},{""from"":""P21"",""to"":""P16""},{""from"":""P15"",""to"":""P25""},{""from"":""P16"",""to"":""P21""},{""from"":""P04"",""to"":""P09""},{""from"":""P21"",""to"":""P16""},{""from"":""P10"",""to"":""P05""},{""from"":""P16"",""to"":""P21""},{""from"":""P29"",""to"":""P27""},{""from"":""P21"",""to"":""P16""},{""from"":""P27"",""to"":""P29""},{""from"":""P16"",""to"":""P21""},{""from"":""P29"",""to"":""P27""},{""from"":""P21"",""to"":""P16""},{""from"":""P27"",""to"":""P29""},{""from"":""P16"",""to"":""P21""},{""from"":""P29"",""to"":""P27""},{""from"":""P21"",""to"":""P16""},{""from"":""P27"",""to"":""P29""},{""from"":""P16"",""to"":""P21""},{""from"":""P29"",""to"":""P27""},{""from"":""P21"",""to"":""P16""},{""from"":""P27"",""to"":""P29""},{""from"":""P16"",""to"":""P21""},{""from"":""P29"",""to"":""P27""},{""from"":""P21"",""to"":""P16""},{""from"":""P27"",""to"":""P29""},{""from"":""P16"",""to"":""P21""},{""from"":""P29"",""to"":""P27""},{""from"":""P21"",""to"":""P16""},{""from"":""P27"",""to"":""P29""},{""from"":""P16"",""to"":""P21""},{""from"":""P29"",""to"":""P27""},{""from"":""P21"",""to"":""P16""},{""from"":""P27"",""to"":""P29""},{""from"":""P16"",""to"":""P21""},{""from"":""P29"",""to"":""P27""}]",d809df44300ade9a924f19cc254247cabbe848825d4f4de11e922c88e11f19d7,
selfplay-20260927-080451767,ALPHA_BETA_VS_ALPHA_BETA_TT,7,3,300028,ALPHA_BETA_TT,ALPHA_BETA,A,,,,MAX_PLIES_REACHED,60,940.5908999999956,1802,60,1,0,0,"[{""from"":""P06"",""to"":""P08""},{""from"":""P15"",""to"":""P03""},{""from"":""P01"",""to"":""P19""},{""from"":""P05"",""to"":""P13""},{""from"":""P16"",""to"":""P18""},{""from"":""P20"",""to"":""P15""},{""from"":""P21"",""to"":""P23""},{""from"":""P15"",""to"":""P20""},{""from"":""P18"",""to"":""P17""},{""from"":""P08"",""to"":""P06""},{""from"":""P23"",""to"":""P22""},{""from"":""P25"",""to"":""P23""},{""from"":""P22"",""to"":""P21""},{""from"":""P23"",""to"":""P22""},{""from"":""P17"",""to"":""P23""},{""from"":""P13"",""to"":""P17""},{""from"":""P21"",""to"":""P16""},{""from"":""P20"",""to"":""P15""},{""from"":""P16"",""to"":""P21""},{""from"":""P06"",""to"":""P01""},{""from"":""P21"",""to"":""P16""},{""from"":""P03"",""to"":""P29""},{""from"":""P16"",""to"":""P21""},{""from"":""P19"",""to"":""P04""},{""from"":""P21"",""to"":""P16""},{""from"":""P15"",""to"":""P25""},{""from"":""P16"",""to"":""P21""},{""from"":""P04"",""to"":""P09""},{""from"":""P21"",""to"":""P16""},{""from"":""P10"",""to"":""P05""},{""from"":""P16"",""to"":""P21""},{""from"":""P29"",""to"":""P27""},{""from"":""P21"",""to"":""P16""},{""from"":""P27"",""to"":""P29""},{""from"":""P16"",""to"":""P21""},{""from"":""P29"",""to"":""P27""},{""from"":""P21"",""to"":""P16""},{""from"":""P27"",""to"":""P29""},{""from"":""P16"",""to"":""P21""},{""from"":""P29"",""to"":""P27""},{""from"":""P21"",""to"":""P16""},{""from"":""P27"",""to"":""P29""},{""from"":""P16"",""to"":""P21""},{""from"":""P29"",""to"":""P27""},{""from"":""P21"",""to"":""P16""},{""from"":""P27"",""to"":""P29""},{""from"":""P16"",""to"":""P21""},{""from"":""P29"",""to"":""P27""},{""from"":""P21"",""to"":""P16""},{""from"":""P27"",""to"":""P29""},{""from"":""P16"",""to"":""P21""},{""from"":""P29"",""to"":""P27""},{""from"":""P21"",""to"":""P16""},{""from"":""P27"",""to"":""P29""},{""from"":""P16"",""to"":""P21""},{""from"":""P29"",""to"":""P27""},{""from"":""P21"",""to"":""P16""},{""from"":""P27"",""to"":""P29""},{""from"":""P16"",""to"":""P21""},{""from"":""P29"",""to"":""P27""}]",d809df44300ade9a924f19cc254247cabbe848825d4f4de11e922c88e11f19d7,
selfplay-20260927-080451767,ALPHA_BETA_VS_ALPHA_BETA_TT,8,4,300029,ALPHA_BETA,ALPHA_BETA_TT,A,,,,MAX_PLIES_REACHED,60,1914.3334999999934,1802,60,1,0,0,"[{""from"":""P06"",""to"":""P08""},{""from"":""P15"",""to"":""P03""},{""from"":""P01"",""to"":""P19""},{""from"":""P05"",""to"":""P13""},{""from"":""P16"",""to"":""P18""},{""from"":""P20"",""to"":""P15""},{""from"":""P21"",""to"":""P23""},{""from"":""P15"",""to"":""P20""},{""from"":""P18"",""to"":""P17""},{""from"":""P08"",""to"":""P06""},{""from"":""P23"",""to"":""P22""},{""from"":""P25"",""to"":""P23""},{""from"":""P22"",""to"":""P21""},{""from"":""P23"",""to"":""P22""},{""from"":""P17"",""to"":""P23""},{""from"":""P13"",""to"":""P17""},{""from"":""P21"",""to"":""P16""},{""from"":""P20"",""to"":""P15""},{""from"":""P16"",""to"":""P21""},{""from"":""P06"",""to"":""P01""},{""from"":""P21"",""to"":""P16""},{""from"":""P03"",""to"":""P29""},{""from"":""P16"",""to"":""P21""},{""from"":""P19"",""to"":""P04""},{""from"":""P21"",""to"":""P16""},{""from"":""P15"",""to"":""P25""},{""from"":""P16"",""to"":""P21""},{""from"":""P04"",""to"":""P09""},{""from"":""P21"",""to"":""P16""},{""from"":""P10"",""to"":""P05""},{""from"":""P16"",""to"":""P21""},{""from"":""P29"",""to"":""P27""},{""from"":""P21"",""to"":""P16""},{""from"":""P27"",""to"":""P29""},{""from"":""P16"",""to"":""P21""},{""from"":""P29"",""to"":""P27""},{""from"":""P21"",""to"":""P16""},{""from"":""P27"",""to"":""P29""},{""from"":""P16"",""to"":""P21""},{""from"":""P29"",""to"":""P27""},{""from"":""P21"",""to"":""P16""},{""from"":""P27"",""to"":""P29""},{""from"":""P16"",""to"":""P21""},{""from"":""P29"",""to"":""P27""},{""from"":""P21"",""to"":""P16""},{""from"":""P27"",""to"":""P29""},{""from"":""P16"",""to"":""P21""},{""from"":""P29"",""to"":""P27""},{""from"":""P21"",""to"":""P16""},{""from"":""P27"",""to"":""P29""},{""from"":""P16"",""to"":""P21""},{""from"":""P29"",""to"":""P27""},{""from"":""P21"",""to"":""P16""},{""from"":""P27"",""to"":""P29""},{""from"":""P16"",""to"":""P21""},{""from"":""P29"",""to"":""P27""},{""from"":""P21"",""to"":""P16""},{""from"":""P27"",""to"":""P29""},{""from"":""P16"",""to"":""P21""},{""from"":""P29"",""to"":""P27""}]",d809df44300ade9a924f19cc254247cabbe848825d4f4de11e922c88e11f19d7,
selfplay-20260927-080451767,ALPHA_BETA_VS_ALPHA_BETA_TT,9,4,300029,ALPHA_BETA_TT,ALPHA_BETA,A,,,,MAX_PLIES_REACHED,60,1006.3125,1802,60,1,0,0,"[{""from"":""P06"",""to"":""P08""},{""from"":""P15"",""to"":""P03""},{""from"":""P01"",""to"":""P19""},{""from"":""P05"",""to"":""P13""},{""from"":""P16"",""to"":""P18""},{""from"":""P20"",""to"":""P15""},{""from"":""P21"",""to"":""P23""},{""from"":""P15"",""to"":""P20""},{""from"":""P18"",""to"":""P17""},{""from"":""P08"",""to"":""P06""},{""from"":""P23"",""to"":""P22""},{""from"":""P25"",""to"":""P23""},{""from"":""P22"",""to"":""P21""},{""from"":""P23"",""to"":""P22""},{""from"":""P17"",""to"":""P23""},{""from"":""P13"",""to"":""P17""},{""from"":""P21"",""to"":""P16""},{""from"":""P20"",""to"":""P15""},{""from"":""P16"",""to"":""P21""},{""from"":""P06"",""to"":""P01""},{""from"":""P21"",""to"":""P16""},{""from"":""P03"",""to"":""P29""},{""from"":""P16"",""to"":""P21""},{""from"":""P19"",""to"":""P04""},{""from"":""P21"",""to"":""P16""},{""from"":""P15"",""to"":""P25""},{""from"":""P16"",""to"":""P21""},{""from"":""P04"",""to"":""P09""},{""from"":""P21"",""to"":""P16""},{""from"":""P10"",""to"":""P05""},{""from"":""P16"",""to"":""P21""},{""from"":""P29"",""to"":""P27""},{""from"":""P21"",""to"":""P16""},{""from"":""P27"",""to"":""P29""},{""from"":""P16"",""to"":""P21""},{""from"":""P29"",""to"":""P27""},{""from"":""P21"",""to"":""P16""},{""from"":""P27"",""to"":""P29""},{""from"":""P16"",""to"":""P21""},{""from"":""P29"",""to"":""P27""},{""from"":""P21"",""to"":""P16""},{""from"":""P27"",""to"":""P29""},{""from"":""P16"",""to"":""P21""},{""from"":""P29"",""to"":""P27""},{""from"":""P21"",""to"":""P16""},{""from"":""P27"",""to"":""P29""},{""from"":""P16"",""to"":""P21""},{""from"":""P29"",""to"":""P27""},{""from"":""P21"",""to"":""P16""},{""from"":""P27"",""to"":""P29""},{""from"":""P16"",""to"":""P21""},{""from"":""P29"",""to"":""P27""},{""from"":""P21"",""to"":""P16""},{""from"":""P27"",""to"":""P29""},{""from"":""P16"",""to"":""P21""},{""from"":""P29"",""to"":""P27""},{""from"":""P21"",""to"":""P16""},{""from"":""P27"",""to"":""P29""},{""from"":""P16"",""to"":""P21""},{""from"":""P29"",""to"":""P27""}]",d809df44300ade9a924f19cc254247cabbe848825d4f4de11e922c88e11f19d7,
selfplay-20260927-080451767,ALPHA_BETA_VS_ALPHA_BETA_TT,10,5,300030,ALPHA_BETA,ALPHA_BETA_TT,A,,,,MAX_PLIES_REACHED,60,1952.2163999999902,1802,60,1,0,0,"[{""from"":""P06"",""to"":""P08""},{""from"":""P15"",""to"":""P03""},{""from"":""P01"",""to"":""P19""},{""from"":""P05"",""to"":""P13""},{""from"":""P16"",""to"":""P18""},{""from"":""P20"",""to"":""P15""},{""from"":""P21"",""to"":""P23""},{""from"":""P15"",""to"":""P20""},{""from"":""P18"",""to"":""P17""},{""from"":""P08"",""to"":""P06""},{""from"":""P23"",""to"":""P22""},{""from"":""P25"",""to"":""P23""},{""from"":""P22"",""to"":""P21""},{""from"":""P23"",""to"":""P22""},{""from"":""P17"",""to"":""P23""},{""from"":""P13"",""to"":""P17""},{""from"":""P21"",""to"":""P16""},{""from"":""P20"",""to"":""P15""},{""from"":""P16"",""to"":""P21""},{""from"":""P06"",""to"":""P01""},{""from"":""P21"",""to"":""P16""},{""from"":""P03"",""to"":""P29""},{""from"":""P16"",""to"":""P21""},{""from"":""P19"",""to"":""P04""},{""from"":""P21"",""to"":""P16""},{""from"":""P15"",""to"":""P25""},{""from"":""P16"",""to"":""P21""},{""from"":""P04"",""to"":""P09""},{""from"":""P21"",""to"":""P16""},{""from"":""P10"",""to"":""P05""},{""from"":""P16"",""to"":""P21""},{""from"":""P29"",""to"":""P27""},{""from"":""P21"",""to"":""P16""},{""from"":""P27"",""to"":""P29""},{""from"":""P16"",""to"":""P21""},{""from"":""P29"",""to"":""P27""},{""from"":""P21"",""to"":""P16""},{""from"":""P27"",""to"":""P29""},{""from"":""P16"",""to"":""P21""},{""from"":""P29"",""to"":""P27""},{""from"":""P21"",""to"":""P16""},{""from"":""P27"",""to"":""P29""},{""from"":""P16"",""to"":""P21""},{""from"":""P29"",""to"":""P27""},{""from"":""P21"",""to"":""P16""},{""from"":""P27"",""to"":""P29""},{""from"":""P16"",""to"":""P21""},{""from"":""P29"",""to"":""P27""},{""from"":""P21"",""to"":""P16""},{""from"":""P27"",""to"":""P29""},{""from"":""P16"",""to"":""P21""},{""from"":""P29"",""to"":""P27""},{""from"":""P21"",""to"":""P16""},{""from"":""P27"",""to"":""P29""},{""from"":""P16"",""to"":""P21""},{""from"":""P29"",""to"":""P27""},{""from"":""P21"",""to"":""P16""},{""from"":""P27"",""to"":""P29""},{""from"":""P16"",""to"":""P21""},{""from"":""P29"",""to"":""P27""}]",d809df44300ade9a924f19cc254247cabbe848825d4f4de11e922c88e11f19d7,
selfplay-20260927-080451767,ALPHA_BETA_VS_ALPHA_BETA_TT,11,5,300030,ALPHA_BETA_TT,ALPHA_BETA,A,,,,MAX_PLIES_REACHED,60,1012.8199000000022,1802,60,1,0,0,"[{""from"":""P06"",""to"":""P08""},{""from"":""P15"",""to"":""P03""},{""from"":""P01"",""to"":""P19""},{""from"":""P05"",""to"":""P13""},{""from"":""P16"",""to"":""P18""},{""from"":""P20"",""to"":""P15""},{""from"":""P21"",""to"":""P23""},{""from"":""P15"",""to"":""P20""},{""from"":""P18"",""to"":""P17""},{""from"":""P08"",""to"":""P06""},{""from"":""P23"",""to"":""P22""},{""from"":""P25"",""to"":""P23""},{""from"":""P22"",""to"":""P21""},{""from"":""P23"",""to"":""P22""},{""from"":""P17"",""to"":""P23""},{""from"":""P13"",""to"":""P17""},{""from"":""P21"",""to"":""P16""},{""from"":""P20"",""to"":""P15""},{""from"":""P16"",""to"":""P21""},{""from"":""P06"",""to"":""P01""},{""from"":""P21"",""to"":""P16""},{""from"":""P03"",""to"":""P29""},{""from"":""P16"",""to"":""P21""},{""from"":""P19"",""to"":""P04""},{""from"":""P21"",""to"":""P16""},{""from"":""P15"",""to"":""P25""},{""from"":""P16"",""to"":""P21""},{""from"":""P04"",""to"":""P09""},{""from"":""P21"",""to"":""P16""},{""from"":""P10"",""to"":""P05""},{""from"":""P16"",""to"":""P21""},{""from"":""P29"",""to"":""P27""},{""from"":""P21"",""to"":""P16""},{""from"":""P27"",""to"":""P29""},{""from"":""P16"",""to"":""P21""},{""from"":""P29"",""to"":""P27""},{""from"":""P21"",""to"":""P16""},{""from"":""P27"",""to"":""P29""},{""from"":""P16"",""to"":""P21""},{""from"":""P29"",""to"":""P27""},{""from"":""P21"",""to"":""P16""},{""from"":""P27"",""to"":""P29""},{""from"":""P16"",""to"":""P21""},{""from"":""P29"",""to"":""P27""},{""from"":""P21"",""to"":""P16""},{""from"":""P27"",""to"":""P29""},{""from"":""P16"",""to"":""P21""},{""from"":""P29"",""to"":""P27""},{""from"":""P21"",""to"":""P16""},{""from"":""P27"",""to"":""P29""},{""from"":""P16"",""to"":""P21""},{""from"":""P29"",""to"":""P27""},{""from"":""P21"",""to"":""P16""},{""from"":""P27"",""to"":""P29""},{""from"":""P16"",""to"":""P21""},{""from"":""P29"",""to"":""P27""},{""from"":""P21"",""to"":""P16""},{""from"":""P27"",""to"":""P29""},{""from"":""P16"",""to"":""P21""},{""from"":""P29"",""to"":""P27""}]",d809df44300ade9a924f19cc254247cabbe848825d4f4de11e922c88e11f19d7,
selfplay-20260927-080451767,ALPHA_BETA_VS_ALPHA_BETA_TT,12,6,300031,ALPHA_BETA,ALPHA_BETA_TT,A,,,,MAX_PLIES_REACHED,60,1882.020199999999,1802,60,1,0,0,"[{""from"":""P06"",""to"":""P08""},{""from"":""P15"",""to"":""P03""},{""from"":""P01"",""to"":""P19""},{""from"":""P05"",""to"":""P13""},{""from"":""P16"",""to"":""P18""},{""from"":""P20"",""to"":""P15""},{""from"":""P21"",""to"":""P23""},{""from"":""P15"",""to"":""P20""},{""from"":""P18"",""to"":""P17""},{""from"":""P08"",""to"":""P06""},{""from"":""P23"",""to"":""P22""},{""from"":""P25"",""to"":""P23""},{""from"":""P22"",""to"":""P21""},{""from"":""P23"",""to"":""P22""},{""from"":""P17"",""to"":""P23""},{""from"":""P13"",""to"":""P17""},{""from"":""P21"",""to"":""P16""},{""from"":""P20"",""to"":""P15""},{""from"":""P16"",""to"":""P21""},{""from"":""P06"",""to"":""P01""},{""from"":""P21"",""to"":""P16""},{""from"":""P03"",""to"":""P29""},{""from"":""P16"",""to"":""P21""},{""from"":""P19"",""to"":""P04""},{""from"":""P21"",""to"":""P16""},{""from"":""P15"",""to"":""P25""},{""from"":""P16"",""to"":""P21""},{""from"":""P04"",""to"":""P09""},{""from"":""P21"",""to"":""P16""},{""from"":""P10"",""to"":""P05""},{""from"":""P16"",""to"":""P21""},{""from"":""P29"",""to"":""P27""},{""from"":""P21"",""to"":""P16""},{""from"":""P27"",""to"":""P29""},{""from"":""P16"",""to"":""P21""},{""from"":""P29"",""to"":""P27""},{""from"":""P21"",""to"":""P16""},{""from"":""P27"",""to"":""P29""},{""from"":""P16"",""to"":""P21""},{""from"":""P29"",""to"":""P27""},{""from"":""P21"",""to"":""P16""},{""from"":""P27"",""to"":""P29""},{""from"":""P16"",""to"":""P21""},{""from"":""P29"",""to"":""P27""},{""from"":""P21"",""to"":""P16""},{""from"":""P27"",""to"":""P29""},{""from"":""P16"",""to"":""P21""},{""from"":""P29"",""to"":""P27""},{""from"":""P21"",""to"":""P16""},{""from"":""P27"",""to"":""P29""},{""from"":""P16"",""to"":""P21""},{""from"":""P29"",""to"":""P27""},{""from"":""P21"",""to"":""P16""},{""from"":""P27"",""to"":""P29""},{""from"":""P16"",""to"":""P21""},{""from"":""P29"",""to"":""P27""},{""from"":""P21"",""to"":""P16""},{""from"":""P27"",""to"":""P29""},{""from"":""P16"",""to"":""P21""},{""from"":""P29"",""to"":""P27""}]",d809df44300ade9a924f19cc254247cabbe848825d4f4de11e922c88e11f19d7,
selfplay-20260927-080451767,ALPHA_BETA_VS_ALPHA_BETA_TT,13,6,300031,ALPHA_BETA_TT,ALPHA_BETA,A,,,,MAX_PLIES_REACHED,60,958.39929999999,1802,60,1,0,0,"[{""from"":""P06"",""to"":""P08""},{""from"":""P15"",""to"":""P03""},{""from"":""P01"",""to"":""P19""},{""from"":""P05"",""to"":""P13""},{""from"":""P16"",""to"":""P18""},{""from"":""P20"",""to"":""P15""},{""from"":""P21"",""to"":""P23""},{""from"":""P15"",""to"":""P20""},{""from"":""P18"",""to"":""P17""},{""from"":""P08"",""to"":""P06""},{""from"":""P23"",""to"":""P22""},{""from"":""P25"",""to"":""P23""},{""from"":""P22"",""to"":""P21""},{""from"":""P23"",""to"":""P22""},{""from"":""P17"",""to"":""P23""},{""from"":""P13"",""to"":""P17""},{""from"":""P21"",""to"":""P16""},{""from"":""P20"",""to"":""P15""},{""from"":""P16"",""to"":""P21""},{""from"":""P06"",""to"":""P01""},{""from"":""P21"",""to"":""P16""},{""from"":""P03"",""to"":""P29""},{""from"":""P16"",""to"":""P21""},{""from"":""P19"",""to"":""P04""},{""from"":""P21"",""to"":""P16""},{""from"":""P15"",""to"":""P25""},{""from"":""P16"",""to"":""P21""},{""from"":""P04"",""to"":""P09""},{""from"":""P21"",""to"":""P16""},{""from"":""P10"",""to"":""P05""},{""from"":""P16"",""to"":""P21""},{""from"":""P29"",""to"":""P27""},{""from"":""P21"",""to"":""P16""},{""from"":""P27"",""to"":""P29""},{""from"":""P16"",""to"":""P21""},{""from"":""P29"",""to"":""P27""},{""from"":""P21"",""to"":""P16""},{""from"":""P27"",""to"":""P29""},{""from"":""P16"",""to"":""P21""},{""from"":""P29"",""to"":""P27""},{""from"":""P21"",""to"":""P16""},{""from"":""P27"",""to"":""P29""},{""from"":""P16"",""to"":""P21""},{""from"":""P29"",""to"":""P27""},{""from"":""P21"",""to"":""P16""},{""from"":""P27"",""to"":""P29""},{""from"":""P16"",""to"":""P21""},{""from"":""P29"",""to"":""P27""},{""from"":""P21"",""to"":""P16""},{""from"":""P27"",""to"":""P29""},{""from"":""P16"",""to"":""P21""},{""from"":""P29"",""to"":""P27""},{""from"":""P21"",""to"":""P16""},{""from"":""P27"",""to"":""P29""},{""from"":""P16"",""to"":""P21""},{""from"":""P29"",""to"":""P27""},{""from"":""P21"",""to"":""P16""},{""from"":""P27"",""to"":""P29""},{""from"":""P16"",""to"":""P21""},{""from"":""P29"",""to"":""P27""}]",d809df44300ade9a924f19cc254247cabbe848825d4f4de11e922c88e11f19d7,
selfplay-20260927-080451767,ALPHA_BETA_VS_ALPHA_BETA_TT,14,7,300032,ALPHA_BETA,ALPHA_BETA_TT,A,,,,MAX_PLIES_REACHED,60,1934.0679999999993,1802,60,1,0,0,"[{""from"":""P06"",""to"":""P08""},{""from"":""P15"",""to"":""P03""},{""from"":""P01"",""to"":""P19""},{""from"":""P05"",""to"":""P13""},{""from"":""P16"",""to"":""P18""},{""from"":""P20"",""to"":""P15""},{""from"":""P21"",""to"":""P23""},{""from"":""P15"",""to"":""P20""},{""from"":""P18"",""to"":""P17""},{""from"":""P08"",""to"":""P06""},{""from"":""P23"",""to"":""P22""},{""from"":""P25"",""to"":""P23""},{""from"":""P22"",""to"":""P21""},{""from"":""P23"",""to"":""P22""},{""from"":""P17"",""to"":""P23""},{""from"":""P13"",""to"":""P17""},{""from"":""P21"",""to"":""P16""},{""from"":""P20"",""to"":""P15""},{""from"":""P16"",""to"":""P21""},{""from"":""P06"",""to"":""P01""},{""from"":""P21"",""to"":""P16""},{""from"":""P03"",""to"":""P29""},{""from"":""P16"",""to"":""P21""},{""from"":""P19"",""to"":""P04""},{""from"":""P21"",""to"":""P16""},{""from"":""P15"",""to"":""P25""},{""from"":""P16"",""to"":""P21""},{""from"":""P04"",""to"":""P09""},{""from"":""P21"",""to"":""P16""},{""from"":""P10"",""to"":""P05""},{""from"":""P16"",""to"":""P21""},{""from"":""P29"",""to"":""P27""},{""from"":""P21"",""to"":""P16""},{""from"":""P27"",""to"":""P29""},{""from"":""P16"",""to"":""P21""},{""from"":""P29"",""to"":""P27""},{""from"":""P21"",""to"":""P16""},{""from"":""P27"",""to"":""P29""},{""from"":""P16"",""to"":""P21""},{""from"":""P29"",""to"":""P27""},{""from"":""P21"",""to"":""P16""},{""from"":""P27"",""to"":""P29""},{""from"":""P16"",""to"":""P21""},{""from"":""P29"",""to"":""P27""},{""from"":""P21"",""to"":""P16""},{""from"":""P27"",""to"":""P29""},{""from"":""P16"",""to"":""P21""},{""from"":""P29"",""to"":""P27""},{""from"":""P21"",""to"":""P16""},{""from"":""P27"",""to"":""P29""},{""from"":""P16"",""to"":""P21""},{""from"":""P29"",""to"":""P27""},{""from"":""P21"",""to"":""P16""},{""from"":""P27"",""to"":""P29""},{""from"":""P16"",""to"":""P21""},{""from"":""P29"",""to"":""P27""},{""from"":""P21"",""to"":""P16""},{""from"":""P27"",""to"":""P29""},{""from"":""P16"",""to"":""P21""},{""from"":""P29"",""to"":""P27""}]",d809df44300ade9a924f19cc254247cabbe848825d4f4de11e922c88e11f19d7,
selfplay-20260927-080451767,ALPHA_BETA_VS_ALPHA_BETA_TT,15,7,300032,ALPHA_BETA_TT,ALPHA_BETA,A,,,,MAX_PLIES_REACHED,60,963.5877000000037,1802,60,1,0,0,"[{""from"":""P06"",""to"":""P08""},{""from"":""P15"",""to"":""P03""},{""from"":""P01"",""to"":""P19""},{""from"":""P05"",""to"":""P13""},{""from"":""P16"",""to"":""P18""},{""from"":""P20"",""to"":""P15""},{""from"":""P21"",""to"":""P23""},{""from"":""P15"",""to"":""P20""},{""from"":""P18"",""to"":""P17""},{""from"":""P08"",""to"":""P06""},{""from"":""P23"",""to"":""P22""},{""from"":""P25"",""to"":""P23""},{""from"":""P22"",""to"":""P21""},{""from"":""P23"",""to"":""P22""},{""from"":""P17"",""to"":""P23""},{""from"":""P13"",""to"":""P17""},{""from"":""P21"",""to"":""P16""},{""from"":""P20"",""to"":""P15""},{""from"":""P16"",""to"":""P21""},{""from"":""P06"",""to"":""P01""},{""from"":""P21"",""to"":""P16""},{""from"":""P03"",""to"":""P29""},{""from"":""P16"",""to"":""P21""},{""from"":""P19"",""to"":""P04""},{""from"":""P21"",""to"":""P16""},{""from"":""P15"",""to"":""P25""},{""from"":""P16"",""to"":""P21""},{""from"":""P04"",""to"":""P09""},{""from"":""P21"",""to"":""P16""},{""from"":""P10"",""to"":""P05""},{""from"":""P16"",""to"":""P21""},{""from"":""P29"",""to"":""P27""},{""from"":""P21"",""to"":""P16""},{""from"":""P27"",""to"":""P29""},{""from"":""P16"",""to"":""P21""},{""from"":""P29"",""to"":""P27""},{""from"":""P21"",""to"":""P16""},{""from"":""P27"",""to"":""P29""},{""from"":""P16"",""to"":""P21""},{""from"":""P29"",""to"":""P27""},{""from"":""P21"",""to"":""P16""},{""from"":""P27"",""to"":""P29""},{""from"":""P16"",""to"":""P21""},{""from"":""P29"",""to"":""P27""},{""from"":""P21"",""to"":""P16""},{""from"":""P27"",""to"":""P29""},{""from"":""P16"",""to"":""P21""},{""from"":""P29"",""to"":""P27""},{""from"":""P21"",""to"":""P16""},{""from"":""P27"",""to"":""P29""},{""from"":""P16"",""to"":""P21""},{""from"":""P29"",""to"":""P27""},{""from"":""P21"",""to"":""P16""},{""from"":""P27"",""to"":""P29""},{""from"":""P16"",""to"":""P21""},{""from"":""P29"",""to"":""P27""},{""from"":""P21"",""to"":""P16""},{""from"":""P27"",""to"":""P29""},{""from"":""P16"",""to"":""P21""},{""from"":""P29"",""to"":""P27""}]",d809df44300ade9a924f19cc254247cabbe848825d4f4de11e922c88e11f19d7,
selfplay-20260927-080451767,ALPHA_BETA_VS_ALPHA_BETA_TT,16,8,300033,ALPHA_BETA,ALPHA_BETA_TT,A,,,,MAX_PLIES_REACHED,60,1926.116200000004,1802,60,1,0,0,"[{""from"":""P06"",""to"":""P08""},{""from"":""P15"",""to"":""P03""},{""from"":""P01"",""to"":""P19""},{""from"":""P05"",""to"":""P13""},{""from"":""P16"",""to"":""P18""},{""from"":""P20"",""to"":""P15""},{""from"":""P21"",""to"":""P23""},{""from"":""P15"",""to"":""P20""},{""from"":""P18"",""to"":""P17""},{""from"":""P08"",""to"":""P06""},{""from"":""P23"",""to"":""P22""},{""from"":""P25"",""to"":""P23""},{""from"":""P22"",""to"":""P21""},{""from"":""P23"",""to"":""P22""},{""from"":""P17"",""to"":""P23""},{""from"":""P13"",""to"":""P17""},{""from"":""P21"",""to"":""P16""},{""from"":""P20"",""to"":""P15""},{""from"":""P16"",""to"":""P21""},{""from"":""P06"",""to"":""P01""},{""from"":""P21"",""to"":""P16""},{""from"":""P03"",""to"":""P29""},{""from"":""P16"",""to"":""P21""},{""from"":""P19"",""to"":""P04""},{""from"":""P21"",""to"":""P16""},{""from"":""P15"",""to"":""P25""},{""from"":""P16"",""to"":""P21""},{""from"":""P04"",""to"":""P09""},{""from"":""P21"",""to"":""P16""},{""from"":""P10"",""to"":""P05""},{""from"":""P16"",""to"":""P21""},{""from"":""P29"",""to"":""P27""},{""from"":""P21"",""to"":""P16""},{""from"":""P27"",""to"":""P29""},{""from"":""P16"",""to"":""P21""},{""from"":""P29"",""to"":""P27""},{""from"":""P21"",""to"":""P16""},{""from"":""P27"",""to"":""P29""},{""from"":""P16"",""to"":""P21""},{""from"":""P29"",""to"":""P27""},{""from"":""P21"",""to"":""P16""},{""from"":""P27"",""to"":""P29""},{""from"":""P16"",""to"":""P21""},{""from"":""P29"",""to"":""P27""},{""from"":""P21"",""to"":""P16""},{""from"":""P27"",""to"":""P29""},{""from"":""P16"",""to"":""P21""},{""from"":""P29"",""to"":""P27""},{""from"":""P21"",""to"":""P16""},{""from"":""P27"",""to"":""P29""},{""from"":""P16"",""to"":""P21""},{""from"":""P29"",""to"":""P27""},{""from"":""P21"",""to"":""P16""},{""from"":""P27"",""to"":""P29""},{""from"":""P16"",""to"":""P21""},{""from"":""P29"",""to"":""P27""},{""from"":""P21"",""to"":""P16""},{""from"":""P27"",""to"":""P29""},{""from"":""P16"",""to"":""P21""},{""from"":""P29"",""to"":""P27""}]",d809df44300ade9a924f19cc254247cabbe848825d4f4de11e922c88e11f19d7,
selfplay-20260927-080451767,ALPHA_BETA_VS_ALPHA_BETA_TT,17,8,300033,ALPHA_BETA_TT,ALPHA_BETA,A,,,,MAX_PLIES_REACHED,60,970.0498999999982,1802,60,1,0,0,"[{""from"":""P06"",""to"":""P08""},{""from"":""P15"",""to"":""P03""},{""from"":""P01"",""to"":""P19""},{""from"":""P05"",""to"":""P13""},{""from"":""P16"",""to"":""P18""},{""from"":""P20"",""to"":""P15""},{""from"":""P21"",""to"":""P23""},{""from"":""P15"",""to"":""P20""},{""from"":""P18"",""to"":""P17""},{""from"":""P08"",""to"":""P06""},{""from"":""P23"",""to"":""P22""},{""from"":""P25"",""to"":""P23""},{""from"":""P22"",""to"":""P21""},{""from"":""P23"",""to"":""P22""},{""from"":""P17"",""to"":""P23""},{""from"":""P13"",""to"":""P17""},{""from"":""P21"",""to"":""P16""},{""from"":""P20"",""to"":""P15""},{""from"":""P16"",""to"":""P21""},{""from"":""P06"",""to"":""P01""},{""from"":""P21"",""to"":""P16""},{""from"":""P03"",""to"":""P29""},{""from"":""P16"",""to"":""P21""},{""from"":""P19"",""to"":""P04""},{""from"":""P21"",""to"":""P16""},{""from"":""P15"",""to"":""P25""},{""from"":""P16"",""to"":""P21""},{""from"":""P04"",""to"":""P09""},{""from"":""P21"",""to"":""P16""},{""from"":""P10"",""to"":""P05""},{""from"":""P16"",""to"":""P21""},{""from"":""P29"",""to"":""P27""},{""from"":""P21"",""to"":""P16""},{""from"":""P27"",""to"":""P29""},{""from"":""P16"",""to"":""P21""},{""from"":""P29"",""to"":""P27""},{""from"":""P21"",""to"":""P16""},{""from"":""P27"",""to"":""P29""},{""from"":""P16"",""to"":""P21""},{""from"":""P29"",""to"":""P27""},{""from"":""P21"",""to"":""P16""},{""from"":""P27"",""to"":""P29""},{""from"":""P16"",""to"":""P21""},{""from"":""P29"",""to"":""P27""},{""from"":""P21"",""to"":""P16""},{""from"":""P27"",""to"":""P29""},{""from"":""P16"",""to"":""P21""},{""from"":""P29"",""to"":""P27""},{""from"":""P21"",""to"":""P16""},{""from"":""P27"",""to"":""P29""},{""from"":""P16"",""to"":""P21""},{""from"":""P29"",""to"":""P27""},{""from"":""P21"",""to"":""P16""},{""from"":""P27"",""to"":""P29""},{""from"":""P16"",""to"":""P21""},{""from"":""P29"",""to"":""P27""},{""from"":""P21"",""to"":""P16""},{""from"":""P27"",""to"":""P29""},{""from"":""P16"",""to"":""P21""},{""from"":""P29"",""to"":""P27""}]",d809df44300ade9a924f19cc254247cabbe848825d4f4de11e922c88e11f19d7,
selfplay-20260927-080451767,ALPHA_BETA_VS_ALPHA_BETA_TT,18,9,300034,ALPHA_BETA,ALPHA_BETA_TT,A,,,,MAX_PLIES_REACHED,60,1916.181500000006,1802,60,1,0,0,"[{""from"":""P06"",""to"":""P08""},{""from"":""P15"",""to"":""P03""},{""from"":""P01"",""to"":""P19""},{""from"":""P05"",""to"":""P13""},{""from"":""P16"",""to"":""P18""},{""from"":""P20"",""to"":""P15""},{""from"":""P21"",""to"":""P23""},{""from"":""P15"",""to"":""P20""},{""from"":""P18"",""to"":""P17""},{""from"":""P08"",""to"":""P06""},{""from"":""P23"",""to"":""P22""},{""from"":""P25"",""to"":""P23""},{""from"":""P22"",""to"":""P21""},{""from"":""P23"",""to"":""P22""},{""from"":""P17"",""to"":""P23""},{""from"":""P13"",""to"":""P17""},{""from"":""P21"",""to"":""P16""},{""from"":""P20"",""to"":""P15""},{""from"":""P16"",""to"":""P21""},{""from"":""P06"",""to"":""P01""},{""from"":""P21"",""to"":""P16""},{""from"":""P03"",""to"":""P29""},{""from"":""P16"",""to"":""P21""},{""from"":""P19"",""to"":""P04""},{""from"":""P21"",""to"":""P16""},{""from"":""P15"",""to"":""P25""},{""from"":""P16"",""to"":""P21""},{""from"":""P04"",""to"":""P09""},{""from"":""P21"",""to"":""P16""},{""from"":""P10"",""to"":""P05""},{""from"":""P16"",""to"":""P21""},{""from"":""P29"",""to"":""P27""},{""from"":""P21"",""to"":""P16""},{""from"":""P27"",""to"":""P29""},{""from"":""P16"",""to"":""P21""},{""from"":""P29"",""to"":""P27""},{""from"":""P21"",""to"":""P16""},{""from"":""P27"",""to"":""P29""},{""from"":""P16"",""to"":""P21""},{""from"":""P29"",""to"":""P27""},{""from"":""P21"",""to"":""P16""},{""from"":""P27"",""to"":""P29""},{""from"":""P16"",""to"":""P21""},{""from"":""P29"",""to"":""P27""},{""from"":""P21"",""to"":""P16""},{""from"":""P27"",""to"":""P29""},{""from"":""P16"",""to"":""P21""},{""from"":""P29"",""to"":""P27""},{""from"":""P21"",""to"":""P16""},{""from"":""P27"",""to"":""P29""},{""from"":""P16"",""to"":""P21""},{""from"":""P29"",""to"":""P27""},{""from"":""P21"",""to"":""P16""},{""from"":""P27"",""to"":""P29""},{""from"":""P16"",""to"":""P21""},{""from"":""P29"",""to"":""P27""},{""from"":""P21"",""to"":""P16""},{""from"":""P27"",""to"":""P29""},{""from"":""P16"",""to"":""P21""},{""from"":""P29"",""to"":""P27""}]",d809df44300ade9a924f19cc254247cabbe848825d4f4de11e922c88e11f19d7,
selfplay-20260927-080451767,ALPHA_BETA_VS_ALPHA_BETA_TT,19,9,300034,ALPHA_BETA_TT,ALPHA_BETA,A,,,,MAX_PLIES_REACHED,60,940.8319000000047,1802,60,1,0,0,"[{""from"":""P06"",""to"":""P08""},{""from"":""P15"",""to"":""P03""},{""from"":""P01"",""to"":""P19""},{""from"":""P05"",""to"":""P13""},{""from"":""P16"",""to"":""P18""},{""from"":""P20"",""to"":""P15""},{""from"":""P21"",""to"":""P23""},{""from"":""P15"",""to"":""P20""},{""from"":""P18"",""to"":""P17""},{""from"":""P08"",""to"":""P06""},{""from"":""P23"",""to"":""P22""},{""from"":""P25"",""to"":""P23""},{""from"":""P22"",""to"":""P21""},{""from"":""P23"",""to"":""P22""},{""from"":""P17"",""to"":""P23""},{""from"":""P13"",""to"":""P17""},{""from"":""P21"",""to"":""P16""},{""from"":""P20"",""to"":""P15""},{""from"":""P16"",""to"":""P21""},{""from"":""P06"",""to"":""P01""},{""from"":""P21"",""to"":""P16""},{""from"":""P03"",""to"":""P29""},{""from"":""P16"",""to"":""P21""},{""from"":""P19"",""to"":""P04""},{""from"":""P21"",""to"":""P16""},{""from"":""P15"",""to"":""P25""},{""from"":""P16"",""to"":""P21""},{""from"":""P04"",""to"":""P09""},{""from"":""P21"",""to"":""P16""},{""from"":""P10"",""to"":""P05""},{""from"":""P16"",""to"":""P21""},{""from"":""P29"",""to"":""P27""},{""from"":""P21"",""to"":""P16""},{""from"":""P27"",""to"":""P29""},{""from"":""P16"",""to"":""P21""},{""from"":""P29"",""to"":""P27""},{""from"":""P21"",""to"":""P16""},{""from"":""P27"",""to"":""P29""},{""from"":""P16"",""to"":""P21""},{""from"":""P29"",""to"":""P27""},{""from"":""P21"",""to"":""P16""},{""from"":""P27"",""to"":""P29""},{""from"":""P16"",""to"":""P21""},{""from"":""P29"",""to"":""P27""},{""from"":""P21"",""to"":""P16""},{""from"":""P27"",""to"":""P29""},{""from"":""P16"",""to"":""P21""},{""from"":""P29"",""to"":""P27""},{""from"":""P21"",""to"":""P16""},{""from"":""P27"",""to"":""P29""},{""from"":""P16"",""to"":""P21""},{""from"":""P29"",""to"":""P27""},{""from"":""P21"",""to"":""P16""},{""from"":""P27"",""to"":""P29""},{""from"":""P16"",""to"":""P21""},{""from"":""P29"",""to"":""P27""},{""from"":""P21"",""to"":""P16""},{""from"":""P27"",""to"":""P29""},{""from"":""P16"",""to"":""P21""},{""from"":""P29"",""to"":""P27""}]",d809df44300ade9a924f19cc254247cabbe848825d4f4de11e922c88e11f19d7,
selfplay-20260927-080451767,ALPHA_BETA_VS_ALPHA_BETA_TT,20,10,300035,ALPHA_BETA,ALPHA_BETA_TT,A,,,,MAX_PLIES_REACHED,60,1937.0660000000062,1802,60,1,0,0,"[{""from"":""P06"",""to"":""P08""},{""from"":""P15"",""to"":""P03""},{""from"":""P01"",""to"":""P19""},{""from"":""P05"",""to"":""P13""},{""from"":""P16"",""to"":""P18""},{""from"":""P20"",""to"":""P15""},{""from"":""P21"",""to"":""P23""},{""from"":""P15"",""to"":""P20""},{""from"":""P18"",""to"":""P17""},{""from"":""P08"",""to"":""P06""},{""from"":""P23"",""to"":""P22""},{""from"":""P25"",""to"":""P23""},{""from"":""P22"",""to"":""P21""},{""from"":""P23"",""to"":""P22""},{""from"":""P17"",""to"":""P23""},{""from"":""P13"",""to"":""P17""},{""from"":""P21"",""to"":""P16""},{""from"":""P20"",""to"":""P15""},{""from"":""P16"",""to"":""P21""},{""from"":""P06"",""to"":""P01""},{""from"":""P21"",""to"":""P16""},{""from"":""P03"",""to"":""P29""},{""from"":""P16"",""to"":""P21""},{""from"":""P19"",""to"":""P04""},{""from"":""P21"",""to"":""P16""},{""from"":""P15"",""to"":""P25""},{""from"":""P16"",""to"":""P21""},{""from"":""P04"",""to"":""P09""},{""from"":""P21"",""to"":""P16""},{""from"":""P10"",""to"":""P05""},{""from"":""P16"",""to"":""P21""},{""from"":""P29"",""to"":""P27""},{""from"":""P21"",""to"":""P16""},{""from"":""P27"",""to"":""P29""},{""from"":""P16"",""to"":""P21""},{""from"":""P29"",""to"":""P27""},{""from"":""P21"",""to"":""P16""},{""from"":""P27"",""to"":""P29""},{""from"":""P16"",""to"":""P21""},{""from"":""P29"",""to"":""P27""},{""from"":""P21"",""to"":""P16""},{""from"":""P27"",""to"":""P29""},{""from"":""P16"",""to"":""P21""},{""from"":""P29"",""to"":""P27""},{""from"":""P21"",""to"":""P16""},{""from"":""P27"",""to"":""P29""},{""from"":""P16"",""to"":""P21""},{""from"":""P29"",""to"":""P27""},{""from"":""P21"",""to"":""P16""},{""from"":""P27"",""to"":""P29""},{""from"":""P16"",""to"":""P21""},{""from"":""P29"",""to"":""P27""},{""from"":""P21"",""to"":""P16""},{""from"":""P27"",""to"":""P29""},{""from"":""P16"",""to"":""P21""},{""from"":""P29"",""to"":""P27""},{""from"":""P21"",""to"":""P16""},{""from"":""P27"",""to"":""P29""},{""from"":""P16"",""to"":""P21""},{""from"":""P29"",""to"":""P27""}]",d809df44300ade9a924f19cc254247cabbe848825d4f4de11e922c88e11f19d7,
selfplay-20260927-080451767,ALPHA_BETA_VS_ALPHA_BETA_TT,21,10,300035,ALPHA_BETA_TT,ALPHA_BETA,A,,,,MAX_PLIES_REACHED,60,946.0842999999877,1802,60,1,0,0,"[{""from"":""P06"",""to"":""P08""},{""from"":""P15"",""to"":""P03""},{""from"":""P01"",""to"":""P19""},{""from"":""P05"",""to"":""P13""},{""from"":""P16"",""to"":""P18""},{""from"":""P20"",""to"":""P15""},{""from"":""P21"",""to"":""P23""},{""from"":""P15"",""to"":""P20""},{""from"":""P18"",""to"":""P17""},{""from"":""P08"",""to"":""P06""},{""from"":""P23"",""to"":""P22""},{""from"":""P25"",""to"":""P23""},{""from"":""P22"",""to"":""P21""},{""from"":""P23"",""to"":""P22""},{""from"":""P17"",""to"":""P23""},{""from"":""P13"",""to"":""P17""},{""from"":""P21"",""to"":""P16""},{""from"":""P20"",""to"":""P15""},{""from"":""P16"",""to"":""P21""},{""from"":""P06"",""to"":""P01""},{""from"":""P21"",""to"":""P16""},{""from"":""P03"",""to"":""P29""},{""from"":""P16"",""to"":""P21""},{""from"":""P19"",""to"":""P04""},{""from"":""P21"",""to"":""P16""},{""from"":""P15"",""to"":""P25""},{""from"":""P16"",""to"":""P21""},{""from"":""P04"",""to"":""P09""},{""from"":""P21"",""to"":""P16""},{""from"":""P10"",""to"":""P05""},{""from"":""P16"",""to"":""P21""},{""from"":""P29"",""to"":""P27""},{""from"":""P21"",""to"":""P16""},{""from"":""P27"",""to"":""P29""},{""from"":""P16"",""to"":""P21""},{""from"":""P29"",""to"":""P27""},{""from"":""P21"",""to"":""P16""},{""from"":""P27"",""to"":""P29""},{""from"":""P16"",""to"":""P21""},{""from"":""P29"",""to"":""P27""},{""from"":""P21"",""to"":""P16""},{""from"":""P27"",""to"":""P29""},{""from"":""P16"",""to"":""P21""},{""from"":""P29"",""to"":""P27""},{""from"":""P21"",""to"":""P16""},{""from"":""P27"",""to"":""P29""},{""from"":""P16"",""to"":""P21""},{""from"":""P29"",""to"":""P27""},{""from"":""P21"",""to"":""P16""},{""from"":""P27"",""to"":""P29""},{""from"":""P16"",""to"":""P21""},{""from"":""P29"",""to"":""P27""},{""from"":""P21"",""to"":""P16""},{""from"":""P27"",""to"":""P29""},{""from"":""P16"",""to"":""P21""},{""from"":""P29"",""to"":""P27""},{""from"":""P21"",""to"":""P16""},{""from"":""P27"",""to"":""P29""},{""from"":""P16"",""to"":""P21""},{""from"":""P29"",""to"":""P27""}]",d809df44300ade9a924f19cc254247cabbe848825d4f4de11e922c88e11f19d7,
selfplay-20260927-080451767,ALPHA_BETA_VS_ALPHA_BETA_TT,22,11,300036,ALPHA_BETA,ALPHA_BETA_TT,A,,,,MAX_PLIES_REACHED,60,1888.6444999999949,1802,60,1,0,0,"[{""from"":""P06"",""to"":""P08""},{""from"":""P15"",""to"":""P03""},{""from"":""P01"",""to"":""P19""},{""from"":""P05"",""to"":""P13""},{""from"":""P16"",""to"":""P18""},{""from"":""P20"",""to"":""P15""},{""from"":""P21"",""to"":""P23""},{""from"":""P15"",""to"":""P20""},{""from"":""P18"",""to"":""P17""},{""from"":""P08"",""to"":""P06""},{""from"":""P23"",""to"":""P22""},{""from"":""P25"",""to"":""P23""},{""from"":""P22"",""to"":""P21""},{""from"":""P23"",""to"":""P22""},{""from"":""P17"",""to"":""P23""},{""from"":""P13"",""to"":""P17""},{""from"":""P21"",""to"":""P16""},{""from"":""P20"",""to"":""P15""},{""from"":""P16"",""to"":""P21""},{""from"":""P06"",""to"":""P01""},{""from"":""P21"",""to"":""P16""},{""from"":""P03"",""to"":""P29""},{""from"":""P16"",""to"":""P21""},{""from"":""P19"",""to"":""P04""},{""from"":""P21"",""to"":""P16""},{""from"":""P15"",""to"":""P25""},{""from"":""P16"",""to"":""P21""},{""from"":""P04"",""to"":""P09""},{""from"":""P21"",""to"":""P16""},{""from"":""P10"",""to"":""P05""},{""from"":""P16"",""to"":""P21""},{""from"":""P29"",""to"":""P27""},{""from"":""P21"",""to"":""P16""},{""from"":""P27"",""to"":""P29""},{""from"":""P16"",""to"":""P21""},{""from"":""P29"",""to"":""P27""},{""from"":""P21"",""to"":""P16""},{""from"":""P27"",""to"":""P29""},{""from"":""P16"",""to"":""P21""},{""from"":""P29"",""to"":""P27""},{""from"":""P21"",""to"":""P16""},{""from"":""P27"",""to"":""P29""},{""from"":""P16"",""to"":""P21""},{""from"":""P29"",""to"":""P27""},{""from"":""P21"",""to"":""P16""},{""from"":""P27"",""to"":""P29""},{""from"":""P16"",""to"":""P21""},{""from"":""P29"",""to"":""P27""},{""from"":""P21"",""to"":""P16""},{""from"":""P27"",""to"":""P29""},{""from"":""P16"",""to"":""P21""},{""from"":""P29"",""to"":""P27""},{""from"":""P21"",""to"":""P16""},{""from"":""P27"",""to"":""P29""},{""from"":""P16"",""to"":""P21""},{""from"":""P29"",""to"":""P27""},{""from"":""P21"",""to"":""P16""},{""from"":""P27"",""to"":""P29""},{""from"":""P16"",""to"":""P21""},{""from"":""P29"",""to"":""P27""}]",d809df44300ade9a924f19cc254247cabbe848825d4f4de11e922c88e11f19d7,
selfplay-20260927-080451767,ALPHA_BETA_VS_ALPHA_BETA_TT,23,11,300036,ALPHA_BETA_TT,ALPHA_BETA,A,,,,MAX_PLIES_REACHED,60,934.6767999999865,1802,60,1,0,0,"[{""from"":""P06"",""to"":""P08""},{""from"":""P15"",""to"":""P03""},{""from"":""P01"",""to"":""P19""},{""from"":""P05"",""to"":""P13""},{""from"":""P16"",""to"":""P18""},{""from"":""P20"",""to"":""P15""},{""from"":""P21"",""to"":""P23""},{""from"":""P15"",""to"":""P20""},{""from"":""P18"",""to"":""P17""},{""from"":""P08"",""to"":""P06""},{""from"":""P23"",""to"":""P22""},{""from"":""P25"",""to"":""P23""},{""from"":""P22"",""to"":""P21""},{""from"":""P23"",""to"":""P22""},{""from"":""P17"",""to"":""P23""},{""from"":""P13"",""to"":""P17""},{""from"":""P21"",""to"":""P16""},{""from"":""P20"",""to"":""P15""},{""from"":""P16"",""to"":""P21""},{""from"":""P06"",""to"":""P01""},{""from"":""P21"",""to"":""P16""},{""from"":""P03"",""to"":""P29""},{""from"":""P16"",""to"":""P21""},{""from"":""P19"",""to"":""P04""},{""from"":""P21"",""to"":""P16""},{""from"":""P15"",""to"":""P25""},{""from"":""P16"",""to"":""P21""},{""from"":""P04"",""to"":""P09""},{""from"":""P21"",""to"":""P16""},{""from"":""P10"",""to"":""P05""},{""from"":""P16"",""to"":""P21""},{""from"":""P29"",""to"":""P27""},{""from"":""P21"",""to"":""P16""},{""from"":""P27"",""to"":""P29""},{""from"":""P16"",""to"":""P21""},{""from"":""P29"",""to"":""P27""},{""from"":""P21"",""to"":""P16""},{""from"":""P27"",""to"":""P29""},{""from"":""P16"",""to"":""P21""},{""from"":""P29"",""to"":""P27""},{""from"":""P21"",""to"":""P16""},{""from"":""P27"",""to"":""P29""},{""from"":""P16"",""to"":""P21""},{""from"":""P29"",""to"":""P27""},{""from"":""P21"",""to"":""P16""},{""from"":""P27"",""to"":""P29""},{""from"":""P16"",""to"":""P21""},{""from"":""P29"",""to"":""P27""},{""from"":""P21"",""to"":""P16""},{""from"":""P27"",""to"":""P29""},{""from"":""P16"",""to"":""P21""},{""from"":""P29"",""to"":""P27""},{""from"":""P21"",""to"":""P16""},{""from"":""P27"",""to"":""P29""},{""from"":""P16"",""to"":""P21""},{""from"":""P29"",""to"":""P27""},{""from"":""P21"",""to"":""P16""},{""from"":""P27"",""to"":""P29""},{""from"":""P16"",""to"":""P21""},{""from"":""P29"",""to"":""P27""}]",d809df44300ade9a924f19cc254247cabbe848825d4f4de11e922c88e11f19d7,
